-- phpMyAdmin SQL Dump
-- version 4.5.4.1deb2ubuntu2
-- http://www.phpmyadmin.net
--
-- Host: localhost
-- Generation Time: Jul 02, 2018 at 07:49 AM
-- Server version: 5.7.22-0ubuntu0.16.04.1
-- PHP Version: 7.0.30-0ubuntu0.16.04.1

SET SQL_MODE = "NO_AUTO_VALUE_ON_ZERO";
SET time_zone = "+00:00";


/*!40101 SET @OLD_CHARACTER_SET_CLIENT=@@CHARACTER_SET_CLIENT */;
/*!40101 SET @OLD_CHARACTER_SET_RESULTS=@@CHARACTER_SET_RESULTS */;
/*!40101 SET @OLD_COLLATION_CONNECTION=@@COLLATION_CONNECTION */;
/*!40101 SET NAMES utf8mb4 */;

--
-- Database: `dbapp`
--

-- --------------------------------------------------------

--
-- Table structure for table `ambil_matakuliah`
--

DROP TABLE IF EXISTS `ambil_matakuliah`;
CREATE TABLE `ambil_matakuliah` (
  `id` int(11) NOT NULL,
  `nim` int(9) NOT NULL,
  `tahun_ajaran` varchar(9) NOT NULL,
  `kode_mk` varchar(72) NOT NULL,
  `created_date` datetime NOT NULL DEFAULT CURRENT_TIMESTAMP,
  `created_by` varchar(150) NOT NULL DEFAULT 'admin',
  `modified_date` datetime DEFAULT NULL,
  `modified_by` varchar(150) DEFAULT NULL,
  `isDelete` int(11) NOT NULL DEFAULT '0' COMMENT '0:tidak ; 1:ya',
  `isShow` int(11) NOT NULL DEFAULT '1' COMMENT '0:tidak ; 1:ya'
) ENGINE=InnoDB DEFAULT CHARSET=latin1;

--
-- Truncate table before insert `ambil_matakuliah`
--

TRUNCATE TABLE `ambil_matakuliah`;
--
-- Dumping data for table `ambil_matakuliah`
--

INSERT INTO `ambil_matakuliah` (`id`, `nim`, `tahun_ajaran`, `kode_mk`, `created_date`, `created_by`, `modified_date`, `modified_by`, `isDelete`, `isShow`) VALUES
(1, 411310001, '2017/2018', '32MKB004;03MBB001;03MPK001;03MBB002;32MPK004;32MKK009;32MKB019;32MKB002', '2018-01-31 12:33:01', 'jendro', '2018-01-31 21:03:22', 'jendro', 0, 1),
(2, 411310002, '2017/2018', '32MKB004;03MBB001;03MPK001;03MBB002;32MPK004;32MKK009;32MKB019;32MKB002', '2018-01-31 12:33:01', 'hilmi', '2018-01-31 21:03:22', 'hilmi', 0, 1),
(3, 411310003, '2017/2018', '32MKB004;03MBB001;03MPK001;03MBB002;32MPK004;32MKK009;32MKB019;32MKB002', '2018-02-06 18:07:10', 'admin', NULL, NULL, 0, 1),
(4, 411310004, '2017/2018', '32MKB004;03MBB001;03MPK001;03MBB002;32MPK004;32MKK009;32MKB019;32MKB002', '2018-02-06 06:12:41', 'admin', NULL, NULL, 0, 1),
(5, 411310005, '2017/2018', '32MKB004;03MBB001;03MPK001;03MBB002;32MPK004;32MKK009;32MKB019;32MKB002', '2018-02-06 02:03:49', 'admin', NULL, NULL, 0, 1),
(6, 411310006, '2017/2018', '32MKB004;03MBB001;03MPK001;03MBB002;32MPK004;32MKK009;32MKB019;32MKB002', '2018-02-06 23:10:39', 'admin', NULL, NULL, 0, 1),
(7, 411310007, '2017/2018', '32MKB004;03MPK001;03MBB001;03MBB002;32MPK004;32MKB002;32MKB019;32MKK009', '2018-02-06 14:39:59', 'admin', '2018-02-08 00:06:53', 'deo', 0, 1),
(8, 411310008, '2017/2018', '32MKB004;03MBB001;03MPK001;03MBB002;32MPK004;32MKK009;32MKB019;32MKB002', '2018-02-06 02:32:09', 'admin', NULL, NULL, 0, 1),
(9, 411310009, '2017/2018', '32MKB004;03MBB001;03MPK001;03MBB002;32MPK004;32MKK009;32MKB019;32MKB002', '2018-02-06 09:12:00', 'admin', NULL, NULL, 0, 1),
(10, 411310010, '2017/2018', '32MKB004;03MBB001;03MPK001;03MBB002;32MPK004;32MKK009;32MKB019;32MKB002', '2018-02-06 00:29:36', 'admin', NULL, NULL, 0, 1),
(11, 411310011, '2017/2018', '32MKB004;03MBB001;03MPK001;03MBB002;32MPK004;32MKK009;32MKB019;32MKB002', '2018-02-06 13:35:30', 'admin', NULL, NULL, 0, 1),
(12, 411310012, '2017/2018', '32MKB004;03MBB001;03MPK001;03MBB002;32MPK004;32MKK009;32MKB019;32MKB002', '2018-02-06 09:43:57', 'admin', NULL, NULL, 0, 1),
(13, 411310013, '2017/2018', '22MKK003;03MBB001;03MPK001;03MBB002;22MKK010;22MKK002;22MKB018;22MKB002', '2018-02-06 10:39:27', 'admin', '2018-02-08 00:14:16', 'bagas', 0, 1),
(14, 411310014, '2017/2018', '22MKK003;03MBB001;03MPK001;03MBB002;22MKK010;22MKK002;22MKB018;22MKB002', '2018-02-06 21:29:01', 'admin', NULL, NULL, 0, 1),
(15, 411310015, '2017/2018', '22MKK003;03MBB001;03MPK001;03MBB002;22MKK010;22MKK002;22MKB018;22MKB002', '2018-02-06 08:24:03', 'admin', NULL, NULL, 0, 1),
(16, 411310016, '2017/2018', '22MKK003;03MBB001;03MPK001;03MBB002;22MKK010;22MKK002;22MKB018;22MKB002', '2018-02-06 18:24:25', 'admin', NULL, NULL, 0, 1),
(17, 411310017, '2017/2018', '22MKK003;03MBB001;03MPK001;03MBB002;22MKK010;22MKK002;22MKB018;22MKB002', '2018-02-06 02:54:36', 'admin', NULL, NULL, 0, 1),
(18, 411310018, '2017/2018', '22MKK003;03MBB001;03MPK001;03MBB002;22MKK010;22MKK002;22MKB018;22MKB002', '2018-02-06 06:08:04', 'admin', NULL, NULL, 0, 1),
(19, 411310019, '2017/2018', '22MKK003;03MBB001;03MPK001;03MBB002;22MKK010;22MKK002;22MKB018;22MKB002', '2018-02-06 00:41:04', 'admin', NULL, NULL, 0, 1),
(20, 411310020, '2017/2018', '22MKK003;03MBB001;03MPK001;03MBB002;22MKK010;22MKK002;22MKB018;22MKB002', '2018-02-06 03:13:57', 'admin', NULL, NULL, 0, 1),
(21, 411310021, '2017/2018', '22MKK003;03MBB001;03MPK001;03MBB002;22MKK010;22MKK002;22MKB018;22MKB002', '2018-02-06 06:12:27', 'admin', NULL, NULL, 0, 1),
(22, 411310022, '2017/2018', '22MKK003;03MBB001;03MPK001;03MBB002;22MKK010;22MKK002;22MKB018;22MKB002', '2018-02-06 01:33:48', 'admin', NULL, NULL, 0, 1),
(23, 411310023, '2017/2018', '22MKK003;03MBB001;03MPK001;03MBB002;22MKK010;22MKK002;22MKB018;22MKB002', '2018-02-06 17:04:43', 'admin', NULL, NULL, 0, 1),
(24, 411310024, '2017/2018', '22MKK003;03MBB001;03MPK001;03MBB002;22MKK010;22MKK002;22MKB018;22MKB002', '2018-02-06 10:45:28', 'admin', NULL, NULL, 0, 1),
(25, 411310025, '2017/2018', '03MPK003;32MKK012;03MKK005;03MKB001;32MKK033;03MKB005;03MKB010', '2018-02-06 09:13:32', 'fikri', NULL, NULL, 0, 1),
(26, 411310026, '2017/2018', '03MPK003;32MKK012;03MKK005;03MKB001;32MKK033;03MKB005;03MKB010', '2018-02-06 01:48:05', 'admin', NULL, NULL, 0, 1),
(27, 411310027, '2017/2018', '03MPK003;32MKK012;03MKK005;03MKB001;32MKK033;03MKB005;03MKB010', '2018-02-06 09:14:15', 'admin', NULL, NULL, 0, 1),
(28, 411310028, '2017/2018', '03MPK003;32MKK012;03MKK005;03MKB001;32MKK033;03MKB005;03MKB010', '2018-02-06 05:22:15', 'admin', NULL, NULL, 0, 1),
(29, 411310029, '2017/2018', '03MPK003;32MKK012;03MKK005;03MKB001;32MKK033;03MKB005;03MKB010', '2018-02-06 02:31:47', 'admin', NULL, NULL, 0, 1),
(30, 411310030, '2017/2018', '03MPK003;32MKK012;03MKK005;03MKB001;32MKK033;03MKB005;03MKB010', '2018-02-06 23:41:13', 'admin', NULL, NULL, 0, 1),
(31, 411310031, '2017/2018', '03MPK003;43MKK024;43MKB012;43MKK022;43MKK029;03MKK005;03MKB001', '2018-02-06 10:08:19', 'admin', '2018-02-08 00:08:51', 'jbaldocci1', 0, 1),
(32, 411310032, '2017/2018', '03MPK003;43MKK024;43MKB012;43MKK022;43MKK029;03MKK005;03MKB001', '2018-02-06 00:44:18', 'admin', NULL, NULL, 0, 1),
(33, 411310033, '2017/2018', '03MPK003;43MKK024;43MKB012;43MKK022;43MKK029;03MKK005;03MKB001', '2018-02-06 00:54:47', 'admin', NULL, NULL, 0, 1),
(34, 411310034, '2017/2018', '03MPK003;43MKK024;43MKB012;43MKK022;43MKK029;03MKK005;03MKB001', '2018-02-06 12:12:43', 'admin', NULL, NULL, 0, 1),
(35, 411310035, '2017/2018', '03MPK003;43MKK024;43MKB012;43MKK022;43MKK029;03MKK005;03MKB001', '2018-02-06 10:43:00', 'admin', NULL, NULL, 0, 1),
(36, 411310036, '2017/2018', '03MPK003;43MKK024;43MKB012;43MKK022;43MKK029;03MKK005;03MKB001', '2018-02-06 10:11:34', 'admin', NULL, NULL, 0, 1),
(37, 411310037, '2017/2018', '03MPK003;22MKB006;03MKK005;22MKB025;22MKB031;03MKB001', '2018-02-06 19:05:17', 'admin', '2018-02-08 00:11:05', 'asor7', 0, 1),
(38, 411310038, '2017/2018', '03MPK003;22MKB006;03MKK005;22MKB025;22MKB031;03MKB001', '2018-02-06 06:47:46', 'admin', NULL, NULL, 0, 1),
(39, 411310039, '2017/2018', '03MPK003;22MKB006;03MKK005;22MKB025;22MKB031;03MKB001', '2018-02-06 12:31:37', 'admin', NULL, NULL, 0, 1),
(40, 411310040, '2017/2018', '03MPK003;22MKB006;03MKK005;22MKB025;22MKB031;03MKB001', '2018-02-06 21:31:13', 'admin', NULL, NULL, 0, 1),
(41, 411310041, '2017/2018', '03MPK003;22MKB006;03MKK005;22MKB025;22MKB031;03MKB001', '2018-02-06 23:05:36', 'admin', NULL, NULL, 0, 1),
(42, 411310042, '2017/2018', '03MPK003;22MKB006;03MKK005;22MKB025;22MKB031;03MKB001', '2018-02-06 00:13:29', 'admin', NULL, NULL, 0, 1),
(43, 411310043, '2017/2018', '03MPK003;22MKB006;03MKK005;22MKB025;22MKB031;03MKB001', '2018-02-06 22:33:52', 'admin', '2018-02-08 00:12:57', 'trennenbachd', 0, 1),
(44, 411310044, '2017/2018', '03MPK003;22MKB006;03MKK005;22MKB025;22MKB031;03MKB001', '2018-02-06 03:59:20', 'admin', NULL, NULL, 0, 1),
(45, 411310045, '2017/2018', '03MPK003;22MKB006;03MKK005;22MKB025;22MKB031;03MKB001', '2018-02-06 05:57:23', 'admin', NULL, NULL, 0, 1),
(46, 411310046, '2017/2018', '03MPK003;22MKB006;03MKK005;22MKB025;22MKB031;03MKB001', '2018-02-06 06:40:31', 'admin', NULL, NULL, 0, 1),
(47, 411310047, '2017/2018', '03MPK003;22MKB006;03MKK005;22MKB025;22MKB031;03MKB001', '2018-02-06 14:11:34', 'admin', NULL, NULL, 0, 1),
(48, 411310048, '2017/2018', '03MPK003;22MKB006;03MKK005;22MKB025;22MKB031;03MKB001', '2018-02-06 13:01:19', 'admin', NULL, NULL, 0, 1),
(49, 411310049, '2017/2018', '03MPK003;22MKB006;03MKK005;22MKB025;22MKB031;03MKB001', '2018-02-06 08:36:08', 'admin', NULL, NULL, 0, 1),
(50, 411310050, '2017/2018', '32MKK007;32MKB020;03MKB003;32MKK011;32MKK019;32MKK020;32MKB018', '2018-02-06 09:16:51', 'rpaolinik', NULL, NULL, 0, 1),
(51, 411310051, '2017/2018', '32MKK007;32MKB020;03MKB003;32MKK011;32MKK019;32MKK020;32MKB018', '2018-02-06 08:48:28', 'admin', NULL, NULL, 0, 1),
(52, 411310052, '2017/2018', '32MKK007;32MKB020;03MKB003;32MKK011;32MKK019;32MKK020;32MKB018', '2018-02-06 16:22:55', 'admin', NULL, NULL, 0, 1),
(53, 411310053, '2017/2018', '32MKK007;32MKB020;03MKB003;32MKK011;32MKK019;32MKK020;32MKB018', '2018-02-06 20:18:50', 'admin', NULL, NULL, 0, 1),
(54, 411310054, '2017/2018', '32MKK007;32MKB020;03MKB003;32MKK011;32MKK019;32MKK020;32MKB018', '2018-02-06 08:06:26', 'admin', NULL, NULL, 0, 1),
(55, 411310055, '2017/2018', '43MKK027;43MKK028;43MKB024;43MKB023;32MKK011;43MKB014;32MKK020', '2018-02-06 15:30:57', 'admin', '2018-02-08 00:16:26', 'ggabrielip', 0, 1),
(56, 411310056, '2017/2018', '43MKK027;43MKK028;43MKB024;43MKB023;32MKK011;43MKB014;32MKK020', '2018-02-06 02:28:29', 'admin', NULL, NULL, 0, 1),
(57, 411310057, '2017/2018', '43MKK027;43MKK028;43MKB024;43MKB023;32MKK011;43MKB014;32MKK020', '2018-02-06 12:10:19', 'admin', NULL, NULL, 0, 1),
(58, 411310058, '2017/2018', '43MKK027;43MKK028;43MKB024;43MKB023;32MKK011;43MKB014;32MKK020', '2018-02-06 07:43:22', 'admin', NULL, NULL, 0, 1),
(59, 411310059, '2017/2018', '43MKK027;43MKK028;43MKB024;43MKB023;32MKK011;43MKB014;32MKK020', '2018-02-06 22:47:05', 'admin', NULL, NULL, 0, 1),
(60, 411310060, '2017/2018', '43MKK027;43MKK028;43MKB024;43MKB023;32MKK011;43MKB014;32MKK020', '2018-02-06 03:40:08', 'admin', NULL, NULL, 0, 1),
(61, 411310061, '2017/2018', '22MBB005;22MKK013;22MKK012;22MKB020;22MKB022;22MKB029;03MKB012', '2018-02-06 19:06:39', 'admin', '2018-02-08 00:17:47', 'rzylberdikv', 0, 1),
(62, 411310062, '2017/2018', '22MBB005;22MKK013;22MKK012;22MKB020;22MKB022;22MKB029;03MKB012', '2018-02-06 08:33:19', 'admin', NULL, NULL, 0, 1),
(63, 411310063, '2017/2018', '22MBB005;22MKK013;22MKK012;22MKB020;22MKB022;22MKB029;03MKB012', '2018-02-06 12:18:52', 'admin', NULL, NULL, 0, 1),
(64, 411310064, '2017/2018', '22MBB005;22MKK013;22MKK012;22MKB020;22MKB022;22MKB029;03MKB012', '2018-02-06 10:00:40', 'admin', NULL, NULL, 0, 1),
(65, 411310065, '2017/2018', '22MBB005;22MKK013;22MKK012;22MKB020;22MKB022;22MKB029;03MKB012', '2018-02-06 19:58:23', 'admin', NULL, NULL, 0, 1),
(66, 411310066, '2017/2018', '22MBB005;22MKK013;22MKK012;22MKB020;22MKB022;22MKB029;03MKB012', '2018-02-06 06:47:41', 'admin', '2018-02-08 00:19:16', 'eswatheridge10', 0, 1),
(67, 411310067, '2017/2018', '22MBB005;22MKK013;22MKK012;22MKB020;22MKB022;22MKB029;03MKB012', '2018-02-06 19:38:14', 'admin', NULL, NULL, 0, 1),
(68, 411310068, '2017/2018', '22MBB005;22MKK013;22MKK012;22MKB020;22MKB022;22MKB029;03MKB012', '2018-02-06 05:49:02', 'admin', NULL, NULL, 0, 1),
(69, 411310069, '2017/2018', '22MBB005;22MKK013;22MKK012;22MKB020;22MKB022;22MKB029;03MKB012', '2018-02-06 14:50:16', 'admin', NULL, NULL, 0, 1),
(70, 411310070, '2017/2018', '22MBB005;22MKK013;22MKK012;22MKB020;22MKB022;22MKB029;03MKB012', '2018-02-06 06:28:32', 'admin', NULL, NULL, 0, 1),
(71, 411310071, '2017/2018', '32MKB018;32MKB022;32MKK003;32MKK006;32MKK014;32MKK015', '2018-02-06 09:20:09', 'csunderland15', '2018-02-06 09:21:30', 'csunderland15', 0, 1),
(72, 411310072, '2017/2018', '32MKB018;32MKB022;32MKK003;32MKK006;32MKK014;32MKK015', '2018-02-06 10:35:24', 'admin', NULL, NULL, 0, 1),
(73, 411310073, '2017/2018', '32MKB018;32MKB022;32MKK003;32MKK006;32MKK014;32MKK015', '2018-02-06 17:18:58', 'admin', NULL, NULL, 0, 1),
(74, 411310074, '2017/2018', '32MKB018;32MKB022;32MKK003;32MKK006;32MKK014;32MKK015', '2018-02-06 21:45:58', 'admin', NULL, NULL, 0, 1),
(75, 411310075, '2017/2018', '32MKB018;32MKB022;32MKK003;32MKK006;32MKK014;32MKK015', '2018-02-06 01:33:41', 'admin', NULL, NULL, 0, 1),
(76, 411310076, '2017/2018', '32MKK021;32MKK014;32MKK006;32MKK003;32MKB022;43MKK030', '2018-02-06 01:27:29', 'admin', '2018-02-08 00:20:42', 'ioty1a', 0, 1),
(77, 411310077, '2017/2018', '32MKK021;32MKK014;32MKK006;32MKK003;32MKB022;43MKK030', '2018-02-06 16:53:59', 'admin', NULL, NULL, 0, 1),
(78, 411310078, '2017/2018', '32MKK021;32MKK014;32MKK006;32MKK003;32MKB022;43MKK030', '2018-02-06 08:00:53', 'admin', NULL, NULL, 0, 1),
(79, 411310079, '2017/2018', '32MKK021;32MKK014;32MKK006;32MKK003;32MKB022;43MKK030', '2018-02-06 10:31:21', 'admin', NULL, NULL, 0, 1),
(80, 411310080, '2017/2018', '32MKK021;32MKK014;32MKK006;32MKK003;32MKB022;43MKK030', '2018-02-06 18:24:38', 'admin', NULL, NULL, 0, 1),
(81, 411310081, '2017/2018', '22MKB014;22MKB027;22MKK009;22MKK008;03MKB004;22MKB007;22MKB004', '2018-02-06 12:23:06', 'admin', '2018-02-08 00:22:30', 'gkwietak1f', 0, 1),
(82, 411310082, '2017/2018', '22MKB014;22MKB027;22MKK009;22MKK008;03MKB004;22MKB007;22MKB004', '2018-02-06 09:51:10', 'admin', NULL, NULL, 0, 1),
(83, 411310083, '2017/2018', '22MKB014;22MKB027;22MKK009;22MKK008;03MKB004;22MKB007;22MKB004', '2018-02-06 07:22:11', 'admin', NULL, NULL, 0, 1),
(84, 411310084, '2017/2018', '22MKB014;22MKB027;22MKK009;22MKK008;03MKB004;22MKB007;22MKB004', '2018-02-06 05:38:03', 'admin', NULL, NULL, 0, 1),
(85, 411310085, '2017/2018', '22MKB014;22MKB027;22MKK009;22MKK008;03MKB004;22MKB007;22MKB004', '2018-02-06 10:45:38', 'admin', NULL, NULL, 0, 1),
(86, 411310086, '2017/2018', '22MKB014;22MKB028;22MKK009;22MKK008;03MKB004;22MKB007;22MKB004', '2018-02-06 16:10:00', 'admin', '2018-02-08 00:23:52', 'mgoldine1k', 0, 1),
(87, 411310087, '2017/2018', '22MKB014;22MKB028;22MKK009;22MKK008;03MKB004;22MKB007;22MKB004', '2018-02-06 19:18:23', 'admin', NULL, NULL, 0, 1),
(88, 411310088, '2017/2018', '22MKB014;22MKB028;22MKK009;22MKK008;03MKB004;22MKB007;22MKB004', '2018-02-06 13:12:35', 'admin', NULL, NULL, 0, 1),
(89, 411310089, '2017/2018', '22MKB014;22MKB028;22MKK009;22MKK008;03MKB004;22MKB007;22MKB004', '2018-02-06 15:04:16', 'admin', NULL, NULL, 0, 1),
(90, 411310090, '2017/2018', '22MKB014;22MKB028;22MKK009;22MKK008;03MKB004;22MKB007;22MKB004', '2018-02-06 18:36:46', 'admin', NULL, NULL, 0, 1),
(91, 411310091, '2017/2018', '22MKB014;22MKB028;22MKK009;22MKK008;03MKB004;22MKB007;22MKB004', '2018-02-06 10:08:09', 'admin', NULL, NULL, 0, 1),
(92, 411310092, '2017/2018', '32MKB022;32MKK003;32MKK006;32MKK014;32MKK015;32MKK021', '2018-02-06 09:23:29', 'rcockburn1q', NULL, NULL, 0, 1);

-- --------------------------------------------------------

--
-- Table structure for table `buka_tahun_ajaran`
--

DROP TABLE IF EXISTS `buka_tahun_ajaran`;
CREATE TABLE `buka_tahun_ajaran` (
  `id` int(1) NOT NULL,
  `tahun_ajaran` varchar(9) NOT NULL,
  `semester` varchar(6) NOT NULL,
  `batas_akhir` date DEFAULT NULL,
  `created_date` datetime NOT NULL DEFAULT CURRENT_TIMESTAMP,
  `created_by` varchar(150) NOT NULL DEFAULT 'admin',
  `modified_date` datetime DEFAULT NULL,
  `modified_by` varchar(150) DEFAULT NULL,
  `isDelete` int(11) NOT NULL DEFAULT '0' COMMENT '0:tidak ; 1:ya',
  `isShow` int(11) NOT NULL DEFAULT '1' COMMENT '0:tidak ; 1:ya'
) ENGINE=InnoDB DEFAULT CHARSET=latin1;

--
-- Truncate table before insert `buka_tahun_ajaran`
--

TRUNCATE TABLE `buka_tahun_ajaran`;
--
-- Dumping data for table `buka_tahun_ajaran`
--

INSERT INTO `buka_tahun_ajaran` (`id`, `tahun_ajaran`, `semester`, `batas_akhir`, `created_date`, `created_by`, `modified_date`, `modified_by`, `isDelete`, `isShow`) VALUES
(1, '2017/2018', 'GANJIL', '2018-02-28', '2018-01-21 14:21:51', 'admin', '2018-02-20 02:17:56', 'admin', 0, 1);

-- --------------------------------------------------------

--
-- Table structure for table `dosen`
--

DROP TABLE IF EXISTS `dosen`;
CREATE TABLE `dosen` (
  `nid` int(11) NOT NULL,
  `nama` varchar(50) NOT NULL,
  `alamat` varchar(200) DEFAULT NULL,
  `telepon` varchar(15) DEFAULT NULL,
  `gambar_ava` varchar(100) DEFAULT NULL,
  `ketersediaan_hari` varchar(9) NOT NULL,
  `wawasan_matkul` varchar(255) NOT NULL COMMENT 'nid_sks',
  `created_date` datetime NOT NULL DEFAULT CURRENT_TIMESTAMP,
  `created_by` varchar(150) NOT NULL DEFAULT 'admin',
  `modified_date` datetime DEFAULT NULL,
  `modified_by` varchar(150) DEFAULT NULL,
  `isDelete` int(11) NOT NULL DEFAULT '0' COMMENT '0=tidak,1=ya',
  `isShow` int(11) NOT NULL DEFAULT '1' COMMENT '0=tidak,1=ya'
) ENGINE=InnoDB DEFAULT CHARSET=latin1;

--
-- Truncate table before insert `dosen`
--

TRUNCATE TABLE `dosen`;
--
-- Dumping data for table `dosen`
--

INSERT INTO `dosen` (`nid`, `nama`, `alamat`, `telepon`, `gambar_ava`, `ketersediaan_hari`, `wawasan_matkul`, `created_date`, `created_by`, `modified_date`, `modified_by`, `isDelete`, `isShow`) VALUES
(1, 'Test Dummy 2', '', '081232213123', NULL, '0', '97', '2018-03-01 09:47:14', 'admin', NULL, NULL, 1, 1),
(22233332, 'Jendro Hardiyanto', 'Tes ubah 3', '082233341233', NULL, '', '', '2017-11-09 13:34:08', 'admin', '2018-01-11 15:42:02', 'admin', 1, 1),
(620057001, 'Mustofa Hayat, MKom', '', '082156447778', NULL, '1', '32MKK009_3;22MBB005_2', '2017-11-03 09:14:18', 'admin', '2018-03-09 06:45:28', 'admin', 0, 1),
(620057002, 'Juli Yanto, Mkom', 'Griya Jakarta, Jl Bukit Indah Permai', '081287654444', NULL, '', '', '2017-11-03 09:14:18', 'admin', NULL, NULL, 0, 1),
(620057003, 'Safitri Jaya, MTi', 'Jl Villa Dago', '081382264064', NULL, '', '', '2017-11-03 09:14:18', 'admin', NULL, NULL, 0, 1),
(620057004, 'Susana Dwi Yulianti, MKom', 'Perumahan Sevilla BSD Blok A 1', '082233341233', NULL, '1;2;4', '22MKB020_3;03MKB012_3;03MKB010_3;22MKB029_3;03MKB001_3', '2017-11-03 09:14:18', 'admin', '2018-03-09 07:00:08', 'admin', 0, 1),
(620057005, 'Trinugi Wira H, ST, MKom', 'Depok', '087755554444', NULL, '1', '03MKB005_3;32MKK033_3;22MKB006_3', '2017-11-03 09:14:18', 'admin', '2018-03-09 06:44:09', 'admin', 0, 1),
(620057007, 'M. Fachri, SKom', 'Ciputat', '087644443333', NULL, '', '', '2017-11-03 09:14:18', 'admin', NULL, NULL, 0, 1),
(620057008, 'Nur Sucahyo, S.Si, MM', 'Ciputat', '089876765454', NULL, '', '', '2017-11-03 09:14:18', 'admin', NULL, NULL, 0, 1),
(620057009, 'Jefri Rahmadian, MKom', 'Depok', '082196666676', NULL, '1;2;3', '43MKB014_3;43MKB023_3;43MKB012_3;43MKK028_3;43MKK029_3;43MKK030_3', '2017-11-03 09:14:18', 'admin', '2018-03-09 07:02:34', 'admin', 0, 1),
(620057010, 'Ir. Nixon Erzed, MT', 'Jakarta Pusat', '087843567456', NULL, '', '', '2017-11-03 09:14:18', 'admin', NULL, NULL, 0, 1),
(620057011, 'Bagus Puri, SKom', 'Tangerang Selatan', '087954678543', NULL, '', '', '2017-11-03 09:14:18', 'admin', NULL, NULL, 0, 1),
(620057012, 'Hari Setiyani, ST, MKom', 'Serang', '087733445467', NULL, '', '', '2017-11-03 09:14:18', 'admin', NULL, NULL, 0, 1),
(620057013, 'Zulfikar Anas Hamidi, MBA', 'Cilandak', '0877456347754', NULL, '', '', '2017-11-03 09:14:18', 'admin', NULL, NULL, 0, 1),
(620057014, 'Andi Nugroho, ST, MKom', 'Ciputat', '087923147685', NULL, '', '', '2017-11-03 09:14:18', 'admin', NULL, NULL, 0, 1),
(620057015, 'Harjono Padmono Putro, ST, MKom', 'Bintaro', '087644568876', NULL, '', '', '2017-11-03 09:14:18', 'admin', NULL, NULL, 0, 1),
(620057016, 'Yadarabullah, SKom', 'Bintaro', '087744213333', NULL, '', '', '2017-11-03 09:14:18', 'admin', NULL, NULL, 0, 1),
(620057017, 'Arif Handoko, ST, MT', 'Jagakarsa', '087699877765', NULL, '', '', '2017-11-03 09:14:18', 'admin', NULL, NULL, 0, 1),
(620057018, 'Farida Nurlaila, M.Kom', '', '081232213123', NULL, '1;2', '22MKK008_3;32MKB020_3;32MKK019_3', '2018-03-09 06:39:35', 'admin', '2018-03-09 06:48:30', 'admin', 0, 1),
(620057019, 'Yasin Efendi, M.Kom', '', '081232213123', NULL, '1', '32MKB002_3;22MKK002_3;32MKB004_1;22MKK003_1;22MKB007_3;32MKK003_3;32MKK002_6', '2018-03-09 06:42:24', 'admin', '2018-03-09 06:48:05', 'admin', 0, 1),
(620057020, 'Imam Solahudin, ST, MM', '', '081232213123', NULL, '1', '32MKK015_3;32MKK021_3', '2018-03-09 06:46:37', 'admin', '2018-03-09 07:00:40', 'admin', 0, 1),
(620057021, 'Meira Pramusdari, SH, M.Kn', '', '081232213123', NULL, '', '03MBB001_2;03MBB002_3', '2018-03-09 07:03:53', 'admin', NULL, NULL, 0, 1),
(2147483647, 'Test Dummy', 'Jl. Dummy', '081232213123', NULL, 'Kamis', '22MKK011', '2018-03-01 09:44:28', 'admin', NULL, NULL, 1, 1);

-- --------------------------------------------------------

--
-- Table structure for table `hari`
--

DROP TABLE IF EXISTS `hari`;
CREATE TABLE `hari` (
  `id` int(11) NOT NULL,
  `nama_hari` varchar(6) NOT NULL,
  `created_date` datetime NOT NULL DEFAULT CURRENT_TIMESTAMP,
  `created_by` varchar(150) NOT NULL DEFAULT 'admin',
  `modified_date` datetime DEFAULT NULL,
  `modified_by` varchar(150) DEFAULT NULL,
  `isDelete` int(11) NOT NULL DEFAULT '0' COMMENT '0:tidak ; 1:ya',
  `isShow` int(11) NOT NULL DEFAULT '1' COMMENT '0:tidak ; 1:ya'
) ENGINE=InnoDB DEFAULT CHARSET=latin1;

--
-- Truncate table before insert `hari`
--

TRUNCATE TABLE `hari`;
--
-- Dumping data for table `hari`
--

INSERT INTO `hari` (`id`, `nama_hari`, `created_date`, `created_by`, `modified_date`, `modified_by`, `isDelete`, `isShow`) VALUES
(1, 'Senin', '2018-01-19 12:15:29', 'admin', NULL, NULL, 0, 1),
(2, 'Selasa', '2018-01-19 12:15:29', 'admin', NULL, NULL, 0, 1),
(3, 'Rabu', '2018-01-19 12:15:29', 'admin', NULL, NULL, 0, 1),
(4, 'Kamis', '2018-01-19 12:15:29', 'admin', NULL, NULL, 0, 1),
(5, 'Jumat', '2018-01-19 12:15:29', 'admin', NULL, NULL, 1, 1),
(6, 'Sabtu', '2018-01-19 12:15:29', 'admin', NULL, NULL, 0, 1);

-- --------------------------------------------------------

--
-- Table structure for table `jadwal_temp`
--

DROP TABLE IF EXISTS `jadwal_temp`;
CREATE TABLE `jadwal_temp` (
  `id` int(11) NOT NULL,
  `tahun_ajaran` varchar(9) NOT NULL,
  `id_hari` int(11) NOT NULL,
  `kode_wk` int(11) NOT NULL,
  `kode_rg` varchar(6) NOT NULL,
  `kode_mk` varchar(8) DEFAULT NULL,
  `nid` int(11) DEFAULT NULL,
  `peserta` varchar(25) DEFAULT NULL
) ENGINE=InnoDB DEFAULT CHARSET=latin1;

--
-- Truncate table before insert `jadwal_temp`
--

TRUNCATE TABLE `jadwal_temp`;
--
-- Dumping data for table `jadwal_temp`
--

INSERT INTO `jadwal_temp` (`id`, `tahun_ajaran`, `id_hari`, `kode_wk`, `kode_rg`, `kode_mk`, `nid`, `peserta`) VALUES
(1, '2017/2018', 1, 1, 'CISCO', NULL, NULL, ' | '),
(2, '2017/2018', 1, 1, 'IMAC', NULL, NULL, ' | '),
(3, '2017/2018', 1, 1, 'LR-1', NULL, NULL, ' | '),
(4, '2017/2018', 1, 1, 'LR-2', NULL, NULL, ' | '),
(5, '2017/2018', 1, 1, 'LR-3', NULL, NULL, ' | '),
(6, '2017/2018', 1, 1, 'OCR-1', '22MKB029', NULL, 'TI | Umum'),
(7, '2017/2018', 1, 1, 'OCR-2', NULL, NULL, ' | '),
(8, '2017/2018', 1, 2, 'CISCO', NULL, NULL, ' | '),
(9, '2017/2018', 1, 2, 'IMAC', NULL, NULL, ' | '),
(10, '2017/2018', 1, 2, 'LR-1', NULL, NULL, ' | '),
(11, '2017/2018', 1, 2, 'LR-2', NULL, NULL, ' | '),
(12, '2017/2018', 1, 2, 'LR-3', NULL, NULL, ' | '),
(13, '2017/2018', 1, 2, 'OCR-1', NULL, NULL, ' | '),
(14, '2017/2018', 1, 2, 'OCR-2', '32MKK007', NULL, 'SI | EIS'),
(15, '2017/2018', 1, 3, 'CISCO', NULL, NULL, ' | '),
(16, '2017/2018', 1, 3, 'IMAC', NULL, NULL, ' | '),
(17, '2017/2018', 1, 3, 'LR-1', NULL, NULL, ' | '),
(18, '2017/2018', 1, 3, 'LR-2', NULL, NULL, ' | '),
(19, '2017/2018', 1, 3, 'LR-3', NULL, NULL, ' | '),
(20, '2017/2018', 1, 3, 'OCR-1', NULL, NULL, ' | '),
(21, '2017/2018', 1, 3, 'OCR-2', NULL, NULL, ' | '),
(22, '2017/2018', 1, 4, 'CISCO', '32MKB018', NULL, 'SI | EIS'),
(23, '2017/2018', 1, 4, 'IMAC', NULL, NULL, ' | '),
(24, '2017/2018', 1, 4, 'LR-1', '43MKK027', NULL, 'SI | MM'),
(25, '2017/2018', 1, 4, 'LR-2', NULL, NULL, ' | '),
(26, '2017/2018', 1, 4, 'LR-3', NULL, NULL, ' | '),
(27, '2017/2018', 1, 4, 'OCR-1', NULL, NULL, ' | '),
(28, '2017/2018', 1, 4, 'OCR-2', NULL, NULL, ' | '),
(29, '2017/2018', 1, 5, 'CISCO', '22MKB018', NULL, 'TI | Umum'),
(30, '2017/2018', 1, 5, 'IMAC', NULL, NULL, ' | '),
(31, '2017/2018', 1, 5, 'LR-1', '03MKK005', NULL, 'SI/TI | Umum'),
(32, '2017/2018', 1, 5, 'LR-2', NULL, NULL, ' | '),
(33, '2017/2018', 1, 5, 'LR-3', '22MBB005', NULL, 'TI | Umum'),
(34, '2017/2018', 1, 5, 'OCR-1', NULL, NULL, ' | '),
(35, '2017/2018', 1, 5, 'OCR-2', NULL, NULL, ' | '),
(36, '2017/2018', 1, 6, 'CISCO', NULL, NULL, ' | '),
(37, '2017/2018', 1, 6, 'IMAC', NULL, NULL, ' | '),
(38, '2017/2018', 1, 6, 'LR-1', NULL, NULL, ' | '),
(39, '2017/2018', 1, 6, 'LR-2', '32MPK004', NULL, 'SI | Umum'),
(40, '2017/2018', 1, 6, 'LR-3', NULL, NULL, ' | '),
(41, '2017/2018', 1, 6, 'OCR-1', NULL, NULL, ' | '),
(42, '2017/2018', 1, 6, 'OCR-2', NULL, NULL, ' | '),
(43, '2017/2018', 1, 8, 'CISCO', NULL, NULL, ' | '),
(44, '2017/2018', 1, 8, 'IMAC', NULL, NULL, ' | '),
(45, '2017/2018', 1, 8, 'LR-1', NULL, NULL, ' | '),
(46, '2017/2018', 1, 8, 'LR-2', NULL, NULL, ' | '),
(47, '2017/2018', 1, 8, 'LR-3', NULL, NULL, ' | '),
(48, '2017/2018', 1, 8, 'OCR-1', NULL, NULL, ' | '),
(49, '2017/2018', 1, 8, 'OCR-2', NULL, NULL, ' | '),
(50, '2017/2018', 1, 9, 'CISCO', NULL, NULL, ' | '),
(51, '2017/2018', 1, 9, 'IMAC', NULL, NULL, ' | '),
(52, '2017/2018', 1, 9, 'LR-1', NULL, NULL, ' | '),
(53, '2017/2018', 1, 9, 'LR-2', NULL, NULL, ' | '),
(54, '2017/2018', 1, 9, 'LR-3', '32MKK003', NULL, 'SI | Umum'),
(55, '2017/2018', 1, 9, 'OCR-1', NULL, NULL, ' | '),
(56, '2017/2018', 1, 9, 'OCR-2', NULL, NULL, ' | '),
(57, '2017/2018', 1, 12, 'CISCO', NULL, NULL, ' | '),
(58, '2017/2018', 1, 12, 'IMAC', NULL, NULL, ' | '),
(59, '2017/2018', 1, 12, 'LR-1', '03MBB002', NULL, 'SI/TI | Umum'),
(60, '2017/2018', 1, 12, 'LR-2', NULL, NULL, ' | '),
(61, '2017/2018', 1, 12, 'LR-3', '32MKB022', NULL, 'SI | Umum'),
(62, '2017/2018', 1, 12, 'OCR-1', '32MKB002', NULL, 'SI | Umum'),
(63, '2017/2018', 1, 12, 'OCR-2', NULL, NULL, ' | '),
(64, '2017/2018', 2, 1, 'CISCO', NULL, NULL, ' | '),
(65, '2017/2018', 2, 1, 'IMAC', '43MKK022', NULL, 'SI | MM'),
(66, '2017/2018', 2, 1, 'LR-1', NULL, NULL, ' | '),
(67, '2017/2018', 2, 1, 'LR-2', NULL, NULL, ' | '),
(68, '2017/2018', 2, 1, 'LR-3', NULL, NULL, ' | '),
(69, '2017/2018', 2, 1, 'OCR-1', '22MKB006', NULL, 'TI | Umum'),
(70, '2017/2018', 2, 1, 'OCR-2', NULL, NULL, ' | '),
(71, '2017/2018', 2, 2, 'CISCO', NULL, NULL, ' | '),
(72, '2017/2018', 2, 2, 'IMAC', NULL, NULL, ' | '),
(73, '2017/2018', 2, 2, 'LR-1', NULL, NULL, ' | '),
(74, '2017/2018', 2, 2, 'LR-2', NULL, NULL, ' | '),
(75, '2017/2018', 2, 2, 'LR-3', NULL, NULL, ' | '),
(76, '2017/2018', 2, 2, 'OCR-1', NULL, NULL, ' | '),
(77, '2017/2018', 2, 2, 'OCR-2', NULL, NULL, ' | '),
(78, '2017/2018', 2, 3, 'CISCO', NULL, NULL, ' | '),
(79, '2017/2018', 2, 3, 'IMAC', NULL, NULL, ' | '),
(80, '2017/2018', 2, 3, 'LR-1', NULL, NULL, ' | '),
(81, '2017/2018', 2, 3, 'LR-2', '32MKK009', NULL, 'SI | Umum'),
(82, '2017/2018', 2, 3, 'LR-3', NULL, NULL, ' | '),
(83, '2017/2018', 2, 3, 'OCR-1', '22MKB022', NULL, 'TI | Umum'),
(84, '2017/2018', 2, 3, 'OCR-2', NULL, NULL, ' | '),
(85, '2017/2018', 2, 4, 'CISCO', NULL, NULL, ' | '),
(86, '2017/2018', 2, 4, 'IMAC', NULL, NULL, ' | '),
(87, '2017/2018', 2, 4, 'LR-1', '03MPK001', NULL, 'SI/TI | Umum'),
(88, '2017/2018', 2, 4, 'LR-2', NULL, NULL, ' | '),
(89, '2017/2018', 2, 4, 'LR-3', '03MKB004', NULL, 'TI | Umum'),
(90, '2017/2018', 2, 4, 'OCR-1', NULL, NULL, ' | '),
(91, '2017/2018', 2, 4, 'OCR-2', NULL, NULL, ' | '),
(92, '2017/2018', 2, 5, 'CISCO', NULL, NULL, ' | '),
(93, '2017/2018', 2, 5, 'IMAC', NULL, NULL, ' | '),
(94, '2017/2018', 2, 5, 'LR-1', NULL, NULL, ' | '),
(95, '2017/2018', 2, 5, 'LR-2', NULL, NULL, ' | '),
(96, '2017/2018', 2, 5, 'LR-3', NULL, NULL, ' | '),
(97, '2017/2018', 2, 5, 'OCR-1', NULL, NULL, ' | '),
(98, '2017/2018', 2, 5, 'OCR-2', NULL, NULL, ' | '),
(99, '2017/2018', 2, 6, 'CISCO', NULL, NULL, ' | '),
(100, '2017/2018', 2, 6, 'IMAC', NULL, NULL, ' | '),
(101, '2017/2018', 2, 6, 'LR-1', NULL, NULL, ' | '),
(102, '2017/2018', 2, 6, 'LR-2', NULL, NULL, ' | '),
(103, '2017/2018', 2, 6, 'LR-3', NULL, NULL, ' | '),
(104, '2017/2018', 2, 6, 'OCR-1', NULL, NULL, ' | '),
(105, '2017/2018', 2, 6, 'OCR-2', NULL, NULL, ' | '),
(106, '2017/2018', 2, 8, 'CISCO', '03MPK003', NULL, 'SI/TI | Umum'),
(107, '2017/2018', 2, 8, 'IMAC', '43MKB014', NULL, 'SI | MM'),
(108, '2017/2018', 2, 8, 'LR-1', NULL, NULL, ' | '),
(109, '2017/2018', 2, 8, 'LR-2', NULL, NULL, ' | '),
(110, '2017/2018', 2, 8, 'LR-3', NULL, NULL, ' | '),
(111, '2017/2018', 2, 8, 'OCR-1', '22MKB014', NULL, 'TI | Umum'),
(112, '2017/2018', 2, 8, 'OCR-2', NULL, NULL, ' | '),
(113, '2017/2018', 2, 9, 'CISCO', NULL, NULL, ' | '),
(114, '2017/2018', 2, 9, 'IMAC', NULL, NULL, ' | '),
(115, '2017/2018', 2, 9, 'LR-1', '22MKB002', NULL, 'TI | Umum'),
(116, '2017/2018', 2, 9, 'LR-2', NULL, NULL, ' | '),
(117, '2017/2018', 2, 9, 'LR-3', NULL, NULL, ' | '),
(118, '2017/2018', 2, 9, 'OCR-1', NULL, NULL, ' | '),
(119, '2017/2018', 2, 9, 'OCR-2', NULL, NULL, ' | '),
(120, '2017/2018', 2, 12, 'CISCO', NULL, NULL, ' | '),
(121, '2017/2018', 2, 12, 'IMAC', NULL, NULL, ' | '),
(122, '2017/2018', 2, 12, 'LR-1', NULL, NULL, ' | '),
(123, '2017/2018', 2, 12, 'LR-2', NULL, NULL, ' | '),
(124, '2017/2018', 2, 12, 'LR-3', NULL, NULL, ' | '),
(125, '2017/2018', 2, 12, 'OCR-1', NULL, NULL, ' | '),
(126, '2017/2018', 2, 12, 'OCR-2', NULL, NULL, ' | '),
(127, '2017/2018', 3, 1, 'CISCO', NULL, NULL, ' | '),
(128, '2017/2018', 3, 1, 'IMAC', NULL, NULL, ' | '),
(129, '2017/2018', 3, 1, 'LR-1', '03MKB001', NULL, 'SI/TI | Umum'),
(130, '2017/2018', 3, 1, 'LR-2', '32MKK014', NULL, 'SI | Umum'),
(131, '2017/2018', 3, 1, 'LR-3', NULL, NULL, ' | '),
(132, '2017/2018', 3, 1, 'OCR-1', NULL, NULL, ' | '),
(133, '2017/2018', 3, 1, 'OCR-2', NULL, NULL, ' | '),
(134, '2017/2018', 3, 2, 'CISCO', NULL, NULL, ' | '),
(135, '2017/2018', 3, 2, 'IMAC', '43MKK024', NULL, 'SI | MM'),
(136, '2017/2018', 3, 2, 'LR-1', NULL, NULL, ' | '),
(137, '2017/2018', 3, 2, 'LR-2', NULL, NULL, ' | '),
(138, '2017/2018', 3, 2, 'LR-3', NULL, NULL, ' | '),
(139, '2017/2018', 3, 2, 'OCR-1', NULL, NULL, ' | '),
(140, '2017/2018', 3, 2, 'OCR-2', '22MKB028', NULL, 'TI | MobA'),
(141, '2017/2018', 3, 3, 'CISCO', NULL, NULL, ' | '),
(142, '2017/2018', 3, 3, 'IMAC', NULL, NULL, ' | '),
(143, '2017/2018', 3, 3, 'LR-1', '03MBB001', NULL, 'SI/TI | Umum'),
(144, '2017/2018', 3, 3, 'LR-2', '22MKK009', NULL, 'TI | Umum'),
(145, '2017/2018', 3, 3, 'LR-3', NULL, NULL, ' | '),
(146, '2017/2018', 3, 3, 'OCR-1', NULL, NULL, ' | '),
(147, '2017/2018', 3, 3, 'OCR-2', NULL, NULL, ' | '),
(148, '2017/2018', 3, 4, 'CISCO', NULL, NULL, ' | '),
(149, '2017/2018', 3, 4, 'IMAC', NULL, NULL, ' | '),
(150, '2017/2018', 3, 4, 'LR-1', NULL, NULL, ' | '),
(151, '2017/2018', 3, 4, 'LR-2', '32MKK015', NULL, 'SI | EIS'),
(152, '2017/2018', 3, 4, 'LR-3', NULL, NULL, ' | '),
(153, '2017/2018', 3, 4, 'OCR-1', '22MKK002', NULL, 'TI | Umum'),
(154, '2017/2018', 3, 4, 'OCR-2', NULL, NULL, ' | '),
(155, '2017/2018', 3, 5, 'CISCO', '22MKB031', NULL, 'TI | Umum'),
(156, '2017/2018', 3, 5, 'IMAC', NULL, NULL, ' | '),
(157, '2017/2018', 3, 5, 'LR-1', NULL, NULL, ' | '),
(158, '2017/2018', 3, 5, 'LR-2', NULL, NULL, ' | '),
(159, '2017/2018', 3, 5, 'LR-3', NULL, NULL, ' | '),
(160, '2017/2018', 3, 5, 'OCR-1', NULL, NULL, ' | '),
(161, '2017/2018', 3, 5, 'OCR-2', NULL, NULL, ' | '),
(162, '2017/2018', 3, 6, 'CISCO', NULL, NULL, ' | '),
(163, '2017/2018', 3, 6, 'IMAC', NULL, NULL, ' | '),
(164, '2017/2018', 3, 6, 'LR-1', NULL, NULL, ' | '),
(165, '2017/2018', 3, 6, 'LR-2', NULL, NULL, ' | '),
(166, '2017/2018', 3, 6, 'LR-3', NULL, NULL, ' | '),
(167, '2017/2018', 3, 6, 'OCR-1', NULL, NULL, ' | '),
(168, '2017/2018', 3, 6, 'OCR-2', '32MKB020', NULL, 'SI | EIS'),
(169, '2017/2018', 3, 8, 'CISCO', NULL, NULL, ' | '),
(170, '2017/2018', 3, 8, 'IMAC', NULL, NULL, ' | '),
(171, '2017/2018', 3, 8, 'LR-1', '32MKK021', NULL, 'SI | Umum'),
(172, '2017/2018', 3, 8, 'LR-2', NULL, NULL, ' | '),
(173, '2017/2018', 3, 8, 'LR-3', NULL, NULL, ' | '),
(174, '2017/2018', 3, 8, 'OCR-1', NULL, NULL, ' | '),
(175, '2017/2018', 3, 8, 'OCR-2', NULL, NULL, ' | '),
(176, '2017/2018', 3, 9, 'CISCO', NULL, NULL, ' | '),
(177, '2017/2018', 3, 9, 'IMAC', '43MKB024', NULL, 'SI | MM'),
(178, '2017/2018', 3, 9, 'LR-1', NULL, NULL, ' | '),
(179, '2017/2018', 3, 9, 'LR-2', NULL, NULL, ' | '),
(180, '2017/2018', 3, 9, 'LR-3', NULL, NULL, ' | '),
(181, '2017/2018', 3, 9, 'OCR-1', '03MKB005', NULL, 'SI/TI | EIS'),
(182, '2017/2018', 3, 9, 'OCR-2', '22MKB020', NULL, 'TI | Umum'),
(183, '2017/2018', 3, 12, 'CISCO', '22MKB025', NULL, 'TI | Umum'),
(184, '2017/2018', 3, 12, 'IMAC', NULL, NULL, ' | '),
(185, '2017/2018', 3, 12, 'LR-1', NULL, NULL, ' | '),
(186, '2017/2018', 3, 12, 'LR-2', NULL, NULL, ' | '),
(187, '2017/2018', 3, 12, 'LR-3', NULL, NULL, ' | '),
(188, '2017/2018', 3, 12, 'OCR-1', NULL, NULL, ' | '),
(189, '2017/2018', 3, 12, 'OCR-2', NULL, NULL, ' | '),
(190, '2017/2018', 4, 1, 'CISCO', NULL, NULL, ' | '),
(191, '2017/2018', 4, 1, 'IMAC', NULL, NULL, ' | '),
(192, '2017/2018', 4, 1, 'LR-1', NULL, NULL, ' | '),
(193, '2017/2018', 4, 1, 'LR-2', NULL, NULL, ' | '),
(194, '2017/2018', 4, 1, 'LR-3', NULL, NULL, ' | '),
(195, '2017/2018', 4, 1, 'OCR-1', NULL, NULL, ' | '),
(196, '2017/2018', 4, 1, 'OCR-2', NULL, NULL, ' | '),
(197, '2017/2018', 4, 2, 'CISCO', NULL, NULL, ' | '),
(198, '2017/2018', 4, 2, 'IMAC', NULL, NULL, ' | '),
(199, '2017/2018', 4, 2, 'LR-1', NULL, NULL, ' | '),
(200, '2017/2018', 4, 2, 'LR-2', '32MKK006', NULL, 'SI | Umum'),
(201, '2017/2018', 4, 2, 'LR-3', NULL, NULL, ' | '),
(202, '2017/2018', 4, 2, 'OCR-1', NULL, NULL, ' | '),
(203, '2017/2018', 4, 2, 'OCR-2', '03MKB010', NULL, 'SI | EIS'),
(204, '2017/2018', 4, 3, 'CISCO', NULL, NULL, ' | '),
(205, '2017/2018', 4, 3, 'IMAC', NULL, NULL, ' | '),
(206, '2017/2018', 4, 3, 'LR-1', NULL, NULL, ' | '),
(207, '2017/2018', 4, 3, 'LR-2', '03MKB003', NULL, 'SI | EIS'),
(208, '2017/2018', 4, 3, 'LR-3', NULL, NULL, ' | '),
(209, '2017/2018', 4, 3, 'OCR-1', NULL, NULL, ' | '),
(210, '2017/2018', 4, 3, 'OCR-2', NULL, NULL, ' | '),
(211, '2017/2018', 4, 4, 'CISCO', NULL, NULL, ' | '),
(212, '2017/2018', 4, 4, 'IMAC', '43MKB023', NULL, 'SI | MM'),
(213, '2017/2018', 4, 4, 'LR-1', NULL, NULL, ' | '),
(214, '2017/2018', 4, 4, 'LR-2', NULL, NULL, ' | '),
(215, '2017/2018', 4, 4, 'LR-3', NULL, NULL, ' | '),
(216, '2017/2018', 4, 4, 'OCR-1', '22MKK012', NULL, 'TI | Umum'),
(217, '2017/2018', 4, 4, 'OCR-2', NULL, NULL, ' | '),
(218, '2017/2018', 4, 5, 'CISCO', NULL, NULL, ' | '),
(219, '2017/2018', 4, 5, 'IMAC', '43MKK029', NULL, 'SI | MM'),
(220, '2017/2018', 4, 5, 'LR-1', NULL, NULL, ' | '),
(221, '2017/2018', 4, 5, 'LR-2', NULL, NULL, ' | '),
(222, '2017/2018', 4, 5, 'LR-3', NULL, NULL, ' | '),
(223, '2017/2018', 4, 5, 'OCR-1', NULL, NULL, ' | '),
(224, '2017/2018', 4, 5, 'OCR-2', NULL, NULL, ' | '),
(225, '2017/2018', 4, 6, 'CISCO', NULL, NULL, ' | '),
(226, '2017/2018', 4, 6, 'IMAC', NULL, NULL, ' | '),
(227, '2017/2018', 4, 6, 'LR-1', NULL, NULL, ' | '),
(228, '2017/2018', 4, 6, 'LR-2', NULL, NULL, ' | '),
(229, '2017/2018', 4, 6, 'LR-3', NULL, NULL, ' | '),
(230, '2017/2018', 4, 6, 'OCR-1', '32MKK033', NULL, 'SI | EIS'),
(231, '2017/2018', 4, 6, 'OCR-2', NULL, NULL, ' | '),
(232, '2017/2018', 4, 8, 'CISCO', NULL, NULL, ' | '),
(233, '2017/2018', 4, 8, 'IMAC', '43MKB012', NULL, 'SI | MM'),
(234, '2017/2018', 4, 8, 'LR-1', NULL, NULL, ' | '),
(235, '2017/2018', 4, 8, 'LR-2', NULL, NULL, ' | '),
(236, '2017/2018', 4, 8, 'LR-3', NULL, NULL, ' | '),
(237, '2017/2018', 4, 8, 'OCR-1', NULL, NULL, ' | '),
(238, '2017/2018', 4, 8, 'OCR-2', NULL, NULL, ' | '),
(239, '2017/2018', 4, 9, 'CISCO', NULL, NULL, ' | '),
(240, '2017/2018', 4, 9, 'IMAC', NULL, NULL, ' | '),
(241, '2017/2018', 4, 9, 'LR-1', NULL, NULL, ' | '),
(242, '2017/2018', 4, 9, 'LR-2', NULL, NULL, ' | '),
(243, '2017/2018', 4, 9, 'LR-3', NULL, NULL, ' | '),
(244, '2017/2018', 4, 9, 'OCR-1', NULL, NULL, ' | '),
(245, '2017/2018', 4, 9, 'OCR-2', NULL, NULL, ' | '),
(246, '2017/2018', 4, 12, 'CISCO', NULL, NULL, ' | '),
(247, '2017/2018', 4, 12, 'IMAC', NULL, NULL, ' | '),
(248, '2017/2018', 4, 12, 'LR-1', NULL, NULL, ' | '),
(249, '2017/2018', 4, 12, 'LR-2', NULL, NULL, ' | '),
(250, '2017/2018', 4, 12, 'LR-3', '32MKB019', NULL, 'SI | Umum'),
(251, '2017/2018', 4, 12, 'OCR-1', NULL, NULL, ' | '),
(252, '2017/2018', 4, 12, 'OCR-2', NULL, NULL, ' | '),
(253, '2017/2018', 6, 1, 'CISCO', NULL, NULL, ' | '),
(254, '2017/2018', 6, 1, 'IMAC', NULL, NULL, ' | '),
(255, '2017/2018', 6, 1, 'LR-1', NULL, NULL, ' | '),
(256, '2017/2018', 6, 1, 'LR-2', '22MKB004', NULL, 'TI | Umum'),
(257, '2017/2018', 6, 1, 'LR-3', NULL, NULL, ' | '),
(258, '2017/2018', 6, 1, 'OCR-1', '22MKK003', NULL, 'TI | Umum'),
(259, '2017/2018', 6, 1, 'OCR-2', NULL, NULL, ' | '),
(260, '2017/2018', 6, 2, 'CISCO', '22MKB027', NULL, 'TI | JarKom'),
(261, '2017/2018', 6, 2, 'IMAC', NULL, NULL, ' | '),
(262, '2017/2018', 6, 2, 'LR-1', NULL, NULL, ' | '),
(263, '2017/2018', 6, 2, 'LR-2', NULL, NULL, ' | '),
(264, '2017/2018', 6, 2, 'LR-3', NULL, NULL, ' | '),
(265, '2017/2018', 6, 2, 'OCR-1', NULL, NULL, ' | '),
(266, '2017/2018', 6, 2, 'OCR-2', '32MKB004', NULL, 'SI | Umum'),
(267, '2017/2018', 6, 3, 'CISCO', NULL, NULL, ' | '),
(268, '2017/2018', 6, 3, 'IMAC', NULL, NULL, ' | '),
(269, '2017/2018', 6, 3, 'LR-1', NULL, NULL, ' | '),
(270, '2017/2018', 6, 3, 'LR-2', NULL, NULL, ' | '),
(271, '2017/2018', 6, 3, 'LR-3', NULL, NULL, ' | '),
(272, '2017/2018', 6, 3, 'OCR-1', NULL, NULL, ' | '),
(273, '2017/2018', 6, 3, 'OCR-2', NULL, NULL, ' | '),
(274, '2017/2018', 6, 4, 'CISCO', NULL, NULL, ' | '),
(275, '2017/2018', 6, 4, 'IMAC', NULL, NULL, ' | '),
(276, '2017/2018', 6, 4, 'LR-1', NULL, NULL, ' | '),
(277, '2017/2018', 6, 4, 'LR-2', NULL, NULL, ' | '),
(278, '2017/2018', 6, 4, 'LR-3', NULL, NULL, ' | '),
(279, '2017/2018', 6, 4, 'OCR-1', NULL, NULL, ' | '),
(280, '2017/2018', 6, 4, 'OCR-2', '32MKK020', NULL, 'SI | Umum'),
(281, '2017/2018', 6, 5, 'CISCO', NULL, NULL, ' | '),
(282, '2017/2018', 6, 5, 'IMAC', NULL, NULL, ' | '),
(283, '2017/2018', 6, 5, 'LR-1', NULL, NULL, ' | '),
(284, '2017/2018', 6, 5, 'LR-2', NULL, NULL, ' | '),
(285, '2017/2018', 6, 5, 'LR-3', NULL, NULL, ' | '),
(286, '2017/2018', 6, 5, 'OCR-1', NULL, NULL, ' | '),
(287, '2017/2018', 6, 5, 'OCR-2', NULL, NULL, ' | '),
(288, '2017/2018', 6, 6, 'CISCO', NULL, NULL, ' | '),
(289, '2017/2018', 6, 6, 'IMAC', '43MKK028', NULL, 'SI | MM'),
(290, '2017/2018', 6, 6, 'LR-1', NULL, NULL, ' | '),
(291, '2017/2018', 6, 6, 'LR-2', '32MKK012', NULL, 'SI | EIS'),
(292, '2017/2018', 6, 6, 'LR-3', NULL, NULL, ' | '),
(293, '2017/2018', 6, 6, 'OCR-1', NULL, NULL, ' | '),
(294, '2017/2018', 6, 6, 'OCR-2', NULL, NULL, ' | '),
(295, '2017/2018', 6, 8, 'CISCO', NULL, NULL, ' | '),
(296, '2017/2018', 6, 8, 'IMAC', NULL, NULL, ' | '),
(297, '2017/2018', 6, 8, 'LR-1', NULL, NULL, ' | '),
(298, '2017/2018', 6, 8, 'LR-2', '22MKB007', NULL, 'TI | Umum'),
(299, '2017/2018', 6, 8, 'LR-3', NULL, NULL, ' | '),
(300, '2017/2018', 6, 8, 'OCR-1', NULL, NULL, ' | '),
(301, '2017/2018', 6, 8, 'OCR-2', '03MKB012', NULL, 'TI | Umum'),
(302, '2017/2018', 6, 9, 'CISCO', '22MKK013', NULL, 'TI | Umum'),
(303, '2017/2018', 6, 9, 'IMAC', NULL, NULL, ' | '),
(304, '2017/2018', 6, 9, 'LR-1', '22MKK010', NULL, 'TI | Umum'),
(305, '2017/2018', 6, 9, 'LR-2', NULL, NULL, ' | '),
(306, '2017/2018', 6, 9, 'LR-3', NULL, NULL, ' | '),
(307, '2017/2018', 6, 9, 'OCR-1', NULL, NULL, ' | '),
(308, '2017/2018', 6, 9, 'OCR-2', NULL, NULL, ' | '),
(309, '2017/2018', 6, 12, 'CISCO', NULL, NULL, ' | '),
(310, '2017/2018', 6, 12, 'IMAC', NULL, NULL, ' | '),
(311, '2017/2018', 6, 12, 'LR-1', '43MKK030', NULL, 'SI | MM'),
(312, '2017/2018', 6, 12, 'LR-2', NULL, NULL, ' | '),
(313, '2017/2018', 6, 12, 'LR-3', '32MKK019', NULL, 'SI | EIS'),
(314, '2017/2018', 6, 12, 'OCR-1', NULL, NULL, ' | '),
(315, '2017/2018', 6, 12, 'OCR-2', NULL, NULL, ' | ');

-- --------------------------------------------------------

--
-- Table structure for table `mahasiswa`
--

DROP TABLE IF EXISTS `mahasiswa`;
CREATE TABLE `mahasiswa` (
  `nim` int(9) NOT NULL,
  `nama` varchar(50) NOT NULL,
  `alamat` varchar(200) DEFAULT NULL,
  `telepon` varchar(15) DEFAULT NULL,
  `gambar_ava` varchar(100) DEFAULT NULL,
  `program_studi` char(2) NOT NULL COMMENT 'SI:sistem informasi; TI:teknik informatika;',
  `peminatan` char(1) NOT NULL COMMENT '1:Enterprise Information System; 2:Multimedia; 3:Jaringan Komputer; 4:Mobile Application',
  `created_date` datetime NOT NULL DEFAULT CURRENT_TIMESTAMP,
  `created_by` varchar(150) NOT NULL DEFAULT 'admin',
  `modified_date` datetime DEFAULT NULL,
  `modified_by` varchar(150) DEFAULT NULL,
  `isDelete` int(11) NOT NULL DEFAULT '0' COMMENT '0:tidak ; 1:ya',
  `isShow` int(11) NOT NULL DEFAULT '1' COMMENT '0:tidak ; 1:ya'
) ENGINE=InnoDB DEFAULT CHARSET=latin1;

--
-- Truncate table before insert `mahasiswa`
--

TRUNCATE TABLE `mahasiswa`;
--
-- Dumping data for table `mahasiswa`
--

INSERT INTO `mahasiswa` (`nim`, `nama`, `alamat`, `telepon`, `gambar_ava`, `program_studi`, `peminatan`, `created_date`, `created_by`, `modified_date`, `modified_by`, `isDelete`, `isShow`) VALUES
(411310001, 'Aubrey Derrington', '87 Chive Junction', '(296) 4965300', '', 'SI', '1', '2018-01-15 11:08:41', 'admin', NULL, NULL, 0, 1),
(411310002, 'Kinny Swigger', '877 Lerdahl Place', '(173) 1320928', '', 'SI', '1', '2018-01-15 11:08:41', 'admin', NULL, NULL, 0, 1),
(411310003, 'Minna Richie', '6217 Coolidge Circle', '(673) 8349234', '', 'SI', '1', '2018-01-15 11:08:41', 'admin', NULL, NULL, 0, 1),
(411310004, 'Hinda Paddle', '8 Paget Center', '(883) 2401740', '', 'SI', '1', '2018-01-15 11:08:41', 'admin', NULL, NULL, 0, 1),
(411310005, 'Sonni Lake', '4 Forster Court', '(215) 8715207', '', 'SI', '1', '2018-01-15 11:08:41', 'admin', NULL, NULL, 0, 1),
(411310006, 'Ana Folling', '2942 Walton Junction', '(186) 5186948', '', 'SI', '1', '2018-01-15 11:08:41', 'admin', NULL, NULL, 0, 1),
(411310007, 'Waldo Mityashin', '105 Mesta Pass', '(395) 5184921', '', 'SI', '2', '2018-01-15 11:08:41', 'admin', NULL, NULL, 0, 1),
(411310008, 'Maximilian Stansell', '27 Pierstorff Road', '(535) 1390195', '', 'SI', '2', '2018-01-15 11:08:41', 'admin', NULL, NULL, 0, 1),
(411310009, 'Harv Kern', '8 Scoville Avenue', '(966) 1038024', '', 'SI', '2', '2018-01-15 11:08:41', 'admin', NULL, NULL, 0, 1),
(411310010, 'Dukie Blackhall', '4845 Straubel Plaza', '(906) 9119520', '', 'SI', '2', '2018-01-15 11:08:41', 'admin', NULL, NULL, 0, 1),
(411310011, 'Othilia Linford', '37 Fair Oaks Avenue', '(741) 2666468', '', 'SI', '2', '2018-01-15 11:08:41', 'admin', NULL, NULL, 0, 1),
(411310012, 'Roley Summerly', '53 Fairview Pass', '(975) 6658092', '', 'SI', '2', '2018-01-15 11:08:41', 'admin', NULL, NULL, 0, 1),
(411310013, 'Hershel Aust', '44047 Mallory Avenue', '(538) 4888027', '', 'TI', '3', '2018-01-15 11:08:41', 'admin', NULL, NULL, 0, 1),
(411310014, 'Gilly Giff', '28396 Bultman Point', '(627) 8883749', '', 'TI', '3', '2018-01-15 11:08:41', 'admin', NULL, NULL, 0, 1),
(411310015, 'Clayton Durrand', '94 Susan Crossing', '(858) 9937853', '', 'TI', '3', '2018-01-15 11:08:41', 'admin', NULL, NULL, 0, 1),
(411310016, 'Vilma Kornyshev', '80109 Raven Road', '(886) 3411620', '', 'TI', '3', '2018-01-15 11:08:41', 'admin', NULL, NULL, 0, 1),
(411310017, 'Doe Regi', '62 Fieldstone Avenue', '(269) 6068838', '', 'TI', '3', '2018-01-15 11:08:41', 'admin', NULL, NULL, 0, 1),
(411310018, 'Bessie Wincom', '5102 Porter Point', '(481) 5910052', '', 'TI', '3', '2018-01-15 11:08:41', 'admin', NULL, NULL, 0, 1),
(411310019, 'Fidelio Somerled', '36 Holy Cross Alley', '(981) 2750538', '', 'TI', '4', '2018-01-15 11:08:41', 'admin', NULL, NULL, 0, 1),
(411310020, 'Tomaso Sayes', '16 Monument Road', '(144) 4303806', '', 'TI', '4', '2018-01-15 11:08:41', 'admin', NULL, NULL, 0, 1),
(411310021, 'Sarette Fretwell', '2096 Sycamore Lane', '(842) 2603745', '', 'TI', '4', '2018-01-15 11:08:41', 'admin', NULL, NULL, 0, 1),
(411310022, 'Claiborne Nutton', '86 Grasskamp Road', '(392) 9083469', '', 'TI', '4', '2018-01-15 11:08:41', 'admin', NULL, NULL, 0, 1),
(411310023, 'Danila McCloughen', '63308 Canary Circle', '(916) 1405956', '', 'TI', '4', '2018-01-15 11:08:41', 'admin', NULL, NULL, 0, 1),
(411310024, 'Delbert Madison', '2 Sunbrook Terrace', '(192) 2768359', '', 'TI', '4', '2018-01-15 11:08:41', 'admin', NULL, NULL, 0, 1),
(411310025, 'Irita Neilan', '81 Pawling Pass', '(320) 5995813', '', 'SI', '1', '2018-01-15 11:08:41', 'admin', NULL, NULL, 0, 1),
(411310026, 'Rey Campanelle', '126 Dakota Point', '(204) 3662407', '', 'SI', '1', '2018-01-15 11:08:41', 'admin', NULL, NULL, 0, 1),
(411310027, 'Josee Extence', '0 Menomonie Plaza', '(338) 6560075', '', 'SI', '1', '2018-01-15 11:08:41', 'admin', NULL, NULL, 0, 1),
(411310028, 'Cirillo Guillard', '2388 Mcguire Point', '(889) 9632050', '', 'SI', '1', '2018-01-15 11:08:41', 'admin', NULL, NULL, 0, 1),
(411310029, 'Barth Sancto', '669 Eastwood Crossing', '(618) 8044406', '', 'SI', '1', '2018-01-15 11:08:41', 'admin', NULL, NULL, 0, 1),
(411310030, 'Friedrick Ambler', '526 Merrick Place', '(134) 6792604', '', 'SI', '1', '2018-01-15 11:20:30', 'admin', NULL, NULL, 0, 1),
(411310031, 'Charo Kiernan', '394 Eagle Crest Court', '(848) 3107021', '', 'SI', '2', '2018-01-15 11:20:30', 'admin', NULL, NULL, 0, 1),
(411310032, 'Berti Millis', '13 Reindahl Pass', '(713) 1465371', '', 'SI', '2', '2018-01-15 11:20:30', 'admin', NULL, NULL, 0, 1),
(411310033, 'Flossie Allsepp', '81943 Shelley Crossing', '(755) 9180060', '', 'SI', '2', '2018-01-15 11:20:30', 'admin', NULL, NULL, 0, 1),
(411310034, 'Chalmers Spackman', '06 Carberry Parkway', '(442) 8766049', '', 'SI', '2', '2018-01-15 11:20:30', 'admin', NULL, NULL, 0, 1),
(411310035, 'Keefer Crehan', '9 Hooker Park', '(782) 4537659', '', 'SI', '2', '2018-01-15 11:20:30', 'admin', NULL, NULL, 0, 1),
(411310036, 'King Leggett', '17477 Mendota Parkway', '(278) 5500052', '', 'SI', '2', '2018-01-15 11:20:30', 'admin', NULL, NULL, 0, 1),
(411310037, 'Marjy Tellett', '2014 Calypso Crossing', '(877) 3832464', '', 'TI', '3', '2018-01-15 11:20:30', 'admin', NULL, NULL, 0, 1),
(411310038, 'Thomasina Nusche', '6 Spenser Lane', '(788) 2406226', '', 'TI', '3', '2018-01-15 11:20:30', 'admin', NULL, NULL, 0, 1),
(411310039, 'Irma Trainor', '8118 Prairie Rose Drive', '(611) 7531132', '', 'TI', '3', '2018-01-15 11:20:30', 'admin', NULL, NULL, 0, 1),
(411310040, 'Cristiano Rizzardi', '4 Fordem Junction', '(847) 1708147', '', 'TI', '3', '2018-01-15 11:20:30', 'admin', NULL, NULL, 0, 1),
(411310041, 'Coralie Menham', '006 Summerview Park', '(105) 6797802', '', 'TI', '3', '2018-01-15 11:20:30', 'admin', NULL, NULL, 0, 1),
(411310042, 'Hannis Gorioli', '066 Petterle Park', '(555) 6539302', '', 'TI', '3', '2018-01-15 11:20:30', 'admin', NULL, NULL, 0, 1),
(411310043, 'Amabelle Kemmons', '992 Lyons Point', '(133) 2033652', '', 'TI', '4', '2018-01-15 11:20:30', 'admin', NULL, NULL, 0, 1),
(411310044, 'Pablo Iddy', '4501 Kinsman Parkway', '(889) 9039838', '', 'TI', '4', '2018-01-15 11:20:30', 'admin', NULL, NULL, 0, 1),
(411310045, 'Manda Milesop', '4890 Forest Dale Plaza', '(731) 9030704', '', 'TI', '4', '2018-01-15 11:20:30', 'admin', NULL, NULL, 0, 1),
(411310046, 'Graig Scholz', '96042 Atwood Park', '(147) 1761056', '', 'TI', '4', '2018-01-15 11:20:30', 'admin', NULL, NULL, 0, 1),
(411310047, 'Helyn Huccaby', '83743 Charing Cross Hill', '(878) 6701256', '', 'TI', '4', '2018-01-15 11:20:30', 'admin', NULL, NULL, 0, 1),
(411310048, 'Had Rubinowitsch', '092 Morrow Way', '(874) 8392063', '', 'TI', '4', '2018-01-15 11:20:30', 'admin', NULL, NULL, 0, 1),
(411310049, 'Hally Ascroft', '84619 Butternut Plaza', '(750) 9275577', '', 'TI', '4', '2018-01-15 11:20:30', 'admin', NULL, NULL, 0, 1),
(411310050, 'Chico Potteridge', '277 Duke Pass', '(409) 9948269', '', 'SI', '1', '2018-01-15 11:20:30', 'admin', NULL, NULL, 0, 1),
(411310051, 'Sayre Ward', '4146 3rd Park', '(572) 8657582', '', 'SI', '1', '2018-01-15 11:20:30', 'admin', NULL, NULL, 0, 1),
(411310052, 'Adorne Heady', '780 Monterey Drive', '(865) 7310193', '', 'SI', '1', '2018-01-15 11:20:30', 'admin', NULL, NULL, 0, 1),
(411310053, 'Jessika Shatliffe', '49408 Iowa Road', '(543) 7693613', '', 'SI', '1', '2018-01-15 11:20:30', 'admin', NULL, NULL, 0, 1),
(411310054, 'Flossy Klulisek', '276 Valley Edge Street', '(751) 8328087', '', 'SI', '1', '2018-01-15 11:20:30', 'admin', NULL, NULL, 0, 1),
(411310055, 'Vinson Fetterplace', '13 Roxbury Plaza', '(166) 5142845', '', 'SI', '2', '2018-01-15 11:20:30', 'admin', NULL, NULL, 0, 1),
(411310056, 'Fionnula Wimbridge', '514 Evergreen Avenue', '(923) 5324671', '', 'SI', '2', '2018-01-15 11:20:30', 'admin', NULL, NULL, 0, 1),
(411310057, 'Fidole Hoston', '71 Dryden Alley', '(383) 3394010', '', 'SI', '2', '2018-01-15 11:20:30', 'admin', NULL, NULL, 0, 1),
(411310058, 'Kort Caunter', '89 Morrow Junction', '(729) 5763150', '', 'SI', '2', '2018-01-15 11:20:30', 'admin', NULL, NULL, 0, 1),
(411310059, 'Darby Spellard', '096 Clarendon Point', '(973) 8374021', '', 'SI', '2', '2018-01-15 11:20:30', 'admin', NULL, NULL, 0, 1),
(411310060, 'Zane Bownas', '95 Heath Court', '(685) 8336159', '', 'SI', '2', '2018-01-15 11:20:30', 'admin', NULL, NULL, 0, 1),
(411310061, 'Beverly Knoller', '8292 Welch Pass', '(411) 1481545', '', 'TI', '3', '2018-01-15 11:20:30', 'admin', NULL, NULL, 0, 1),
(411310062, 'Brig Oxe', '67200 Roth Court', '(104) 5150410', '', 'TI', '3', '2018-01-15 11:20:30', 'admin', NULL, NULL, 0, 1),
(411310063, 'Sam Birtley', '1018 Sherman Avenue', '(581) 1799633', '', 'TI', '3', '2018-01-15 11:20:30', 'admin', NULL, NULL, 0, 1),
(411310064, 'Damian Bon', '4176 Caliangt Way', '(770) 3130764', '', 'TI', '3', '2018-01-15 11:20:30', 'admin', NULL, NULL, 0, 1),
(411310065, 'Danette Westcot', '83474 Anzinger Way', '(207) 5955686', '', 'TI', '3', '2018-01-15 11:20:30', 'admin', NULL, NULL, 0, 1),
(411310066, 'Inna North', '22080 Fairfield Terrace', '(305) 2274389', '', 'TI', '4', '2018-01-15 11:20:30', 'admin', NULL, NULL, 0, 1),
(411310067, 'Alastair Copsey', '1820 Mccormick Street', '(403) 5983964', '', 'TI', '4', '2018-01-15 11:20:30', 'admin', NULL, NULL, 0, 1),
(411310068, 'Webb Figiovanni', '8 Dwight Hill', '(682) 1423623', '', 'TI', '4', '2018-01-15 11:20:30', 'admin', NULL, NULL, 0, 1),
(411310069, 'Zara Jerg', '6574 Mockingbird Lane', '(103) 2675228', '', 'TI', '4', '2018-01-15 11:20:30', 'admin', NULL, NULL, 0, 1),
(411310070, 'Chevalier Cheake', '9506 Bay Trail', '(834) 4119485', '', 'TI', '4', '2018-01-15 11:20:30', 'admin', NULL, NULL, 0, 1),
(411310071, 'Devondra Vann', '720 Mifflin Junction', '(727) 6387560', '', 'SI', '1', '2018-01-15 11:20:30', 'admin', NULL, NULL, 0, 1),
(411310072, 'Elicia Blei', '771 Oak Place', '(308) 9029105', '', 'SI', '1', '2018-01-15 11:20:30', 'admin', NULL, NULL, 0, 1),
(411310073, 'Max Huff', '056 Eliot Circle', '(712) 2961084', '', 'SI', '1', '2018-01-15 11:20:30', 'admin', NULL, NULL, 0, 1),
(411310074, 'Aurore Georgins', '50855 West Street', '(846) 2151658', '', 'SI', '1', '2018-01-15 11:20:30', 'admin', NULL, NULL, 0, 1),
(411310075, 'Annmarie Thyer', '761 Orin Trail', '(660) 1674131', '', 'SI', '1', '2018-01-15 11:20:30', 'admin', NULL, NULL, 0, 1),
(411310076, 'Bogey Broadhead', '1 Village Way', '(928) 8686313', '', 'SI', '2', '2018-01-15 11:20:30', 'admin', NULL, NULL, 0, 1),
(411310077, 'Leonardo Bentsen', '2 Old Gate Center', '(253) 8581569', '', 'SI', '2', '2018-01-15 11:20:30', 'admin', NULL, NULL, 0, 1),
(411310078, 'Ethelbert Ripping', '8 Acker Parkway', '(795) 3684450', '', 'SI', '2', '2018-01-15 11:20:30', 'admin', NULL, NULL, 0, 1),
(411310079, 'Saundra Hinder', '3344 Sauthoff Drive', '(949) 2226855', '', 'SI', '2', '2018-01-15 11:20:30', 'admin', NULL, NULL, 0, 1),
(411310080, 'Lesya Bracken', '38542 Rutledge Park', '(405) 7461436', '', 'SI', '2', '2018-01-15 11:20:30', 'admin', NULL, NULL, 0, 1),
(411310081, 'Billie Parsons', '45494 Bonner Crossing', '(441) 9418160', '', 'TI', '3', '2018-01-15 11:20:30', 'admin', NULL, NULL, 0, 1),
(411310082, 'Persis Craydon', '6909 Knutson Plaza', '(540) 1199802', '', 'TI', '3', '2018-01-15 11:20:30', 'admin', NULL, NULL, 0, 1),
(411310083, 'Twyla McGilleghole', '93 Orin Point', '(205) 5563490', '', 'TI', '3', '2018-01-15 11:20:30', 'admin', NULL, NULL, 0, 1),
(411310084, 'Murdoch Seemmonds', '656 Surrey Court', '(699) 9469942', '', 'TI', '3', '2018-01-15 11:20:30', 'admin', NULL, NULL, 0, 1),
(411310085, 'Janelle Whylie', '6 Elgar Center', '(781) 6908707', '', 'TI', '3', '2018-01-15 11:20:30', 'admin', NULL, NULL, 0, 1),
(411310086, 'Earle McCrae', '96529 Waywood Trail', '(541) 3534514', '', 'TI', '4', '2018-01-15 11:20:30', 'admin', NULL, NULL, 0, 1),
(411310087, 'Morley Faulconer', '173 Melrose Point', '(382) 1843505', '', 'TI', '4', '2018-01-15 11:20:30', 'admin', NULL, NULL, 0, 1),
(411310088, 'Camille Ingry', '6646 Portage Point', '(850) 5758688', '', 'TI', '4', '2018-01-15 11:20:30', 'admin', NULL, NULL, 0, 1),
(411310089, 'Lemuel Geffen', '9458 Barnett Circle', '(816) 6298745', '', 'TI', '4', '2018-01-15 11:20:30', 'admin', NULL, NULL, 0, 1),
(411310090, 'Elliott Cicci', '08 Lerdahl Crossing', '(859) 9182543', '', 'TI', '4', '2018-01-15 11:20:30', 'admin', NULL, NULL, 0, 1),
(411310091, 'Standford Oakwood', '18 American Court', '(215) 7405169', '', 'TI', '4', '2018-01-15 11:20:30', 'admin', NULL, NULL, 0, 1),
(411310092, 'Helga Mickleborough', '0 Tomscot Circle', '(677) 1839320', '', 'SI', '1', '2018-01-15 11:20:30', 'admin', NULL, NULL, 0, 1),
(411310093, 'Nannette Vanstone', '882 Thompson Circle', '(395) 6864881', '', 'SI', '1', '2018-01-15 11:20:30', 'admin', NULL, NULL, 0, 1),
(411310094, 'Joyous Orts', '817 Bluejay Point', '(877) 6406862', '', 'SI', '1', '2018-01-15 11:20:30', 'admin', NULL, NULL, 0, 1),
(411310095, 'Jacquette Hartland', '205 Crownhardt Street', '(160) 3576339', '', 'SI', '1', '2018-01-15 11:20:30', 'admin', NULL, NULL, 0, 1),
(411310096, 'Gilly Van de Castele', '50 Red Cloud Junction', '(385) 9202594', '', 'SI', '1', '2018-01-15 11:20:30', 'admin', NULL, NULL, 0, 1),
(411310097, 'Krishnah Humburton', '30632 David Point', '(464) 4683725', '', 'SI', '1', '2018-01-15 11:20:30', 'admin', NULL, NULL, 0, 1),
(411310098, 'Mortimer Arnull', '28077 Lindbergh Avenue', '(218) 4565635', '', 'SI', '1', '2018-01-15 11:20:30', 'admin', NULL, NULL, 0, 1),
(411310099, 'Nataniel Adamides', '894 Nelson Trail', '(347) 7677461', '', 'SI', '1', '2018-01-15 11:20:30', 'admin', NULL, NULL, 0, 1);

-- --------------------------------------------------------

--
-- Table structure for table `matakuliah`
--

DROP TABLE IF EXISTS `matakuliah`;
CREATE TABLE `matakuliah` (
  `kode_mk` varchar(8) NOT NULL,
  `nama_mk` varchar(100) NOT NULL,
  `sks_mk` char(1) NOT NULL,
  `semester_mk` char(1) NOT NULL COMMENT '1-8',
  `program_studi` char(5) NOT NULL COMMENT 'SI:sistem informasi; TI:teknik informatika; SI/TI:umum',
  `peminatan` char(1) NOT NULL COMMENT '0:umum; 1:Enterprise Information System; 2:Multimedia; 3:Jaringan Komputer; 4:Mobile Application',
  `jenis_rg` varchar(5) NOT NULL,
  `created_date` datetime NOT NULL DEFAULT CURRENT_TIMESTAMP,
  `created_by` varchar(150) NOT NULL DEFAULT 'admin',
  `modified_date` datetime DEFAULT NULL,
  `modified_by` varchar(150) DEFAULT NULL,
  `isDelete` int(11) NOT NULL DEFAULT '0' COMMENT '0:tidak ; 1:ya',
  `isShow` int(11) NOT NULL DEFAULT '1' COMMENT '0:tidak ; 1:ya'
) ENGINE=InnoDB DEFAULT CHARSET=latin1;

--
-- Truncate table before insert `matakuliah`
--

TRUNCATE TABLE `matakuliah`;
--
-- Dumping data for table `matakuliah`
--

INSERT INTO `matakuliah` (`kode_mk`, `nama_mk`, `sks_mk`, `semester_mk`, `program_studi`, `peminatan`, `jenis_rg`, `created_date`, `created_by`, `modified_date`, `modified_by`, `isDelete`, `isShow`) VALUES
('03MBB001', 'Bahasa Inggris 1', '2', '1', 'SI/TI', '0', 'LR', '2018-01-11 14:08:03', 'admin', '2018-02-09 00:41:55', 'admin', 0, 1),
('03MBB002', 'Ilmu Sosial Dasar', '3', '1', 'SI/TI', '0', 'LR', '2018-01-11 14:08:03', 'admin', '2018-02-09 00:40:49', 'admin', 0, 1),
('03MBB003', 'Bahasa Inggris 2', '2', '2', 'SI/TI', '0', '', '2018-01-11 14:08:03', 'admin', '2018-01-18 04:01:11', 'admin', 0, 1),
('03MBB004', 'Technopreunership', '3', '6', 'SI/TI', '0', '', '2018-01-11 14:08:03', 'admin', '2018-01-18 04:53:26', 'admin', 0, 1),
('03MKB001', 'Rekayasa Perangkat Lunak', '3', '3', 'SI/TI', '0', 'LR', '2018-01-11 14:08:03', 'admin', '2018-02-09 00:50:14', 'admin', 0, 1),
('03MKB003', 'Data Warehouse & Data Mining', '3', '5', 'SI', '1', 'LR', '2018-01-11 14:08:03', 'admin', '2018-02-09 00:51:59', 'admin', 0, 1),
('03MKB004', 'Data Warehouse and Data Mining', '3', '7', 'TI', '0', 'LR', '2018-01-18 05:09:31', 'admin', '2018-02-09 00:52:04', 'admin', 0, 1),
('03MKB005', 'Pemrograman Berorientasi Objek', '3', '3', 'SI/TI', '1', 'OCR', '2018-01-11 14:08:03', 'admin', '2018-02-09 00:34:27', 'admin', 0, 1),
('03MKB008', 'Interaksi Manusia dan Komputer', '3', '6', 'SI/TI', '0', '', '2018-01-11 14:08:03', 'admin', '2018-01-18 04:53:32', 'admin', 0, 1),
('03MKB009', 'Rakayasa Perangkat Lunak Lanjut', '3', '4', 'SI/TI', '1', '', '2018-01-11 14:08:03', 'admin', '2018-01-18 04:23:49', 'admin', 0, 1),
('03MKB010', 'Perancangan Database dan Implementasi', '3', '3', 'SI', '1', 'OCR', '2018-01-11 14:08:03', 'admin', '2018-02-09 00:42:26', 'admin', 0, 1),
('03MKB011', 'Perancangan dan Pemrograman Web', '3', '4', 'SI/TI', '1', '', '2018-01-11 14:08:03', 'admin', '2018-01-18 04:24:00', 'admin', 0, 1),
('03MKB012', 'Perancangan Database dan Implementasi', '3', '5', 'TI', '0', 'OCR', '2018-01-18 04:51:10', 'admin', '2018-02-09 00:42:32', 'admin', 0, 1),
('03MKK001', 'Aljabar Linear dan Matrik', '3', '2', 'SI/TI', '0', '', '2018-01-11 14:08:03', 'admin', '2018-01-18 04:01:26', 'admin', 0, 1),
('03MKK004', 'Matematika Diskrit', '3', '4', 'SI', '0', '', '2018-01-11 14:08:03', 'admin', '2018-01-18 04:24:45', 'admin', 0, 1),
('03MKK005', 'Statistik dan Probabilitas', '3', '3', 'SI/TI', '0', 'LR', '2018-01-11 14:08:03', 'admin', '2018-02-09 00:46:49', 'admin', 0, 1),
('03MKK006', 'Matematika Diskrit', '3', '2', 'TI', '0', '', '2018-01-18 04:06:42', 'admin', NULL, NULL, 0, 1),
('03MPB001', 'Etika Profesi', '2', '4', 'SI', '0', '', '2018-01-11 14:08:03', 'admin', '2018-01-18 04:24:52', 'admin', 0, 1),
('03MPB002', 'Etika Profesi', '2', '6', 'TI', '0', '', '2018-01-18 04:55:49', 'admin', NULL, NULL, 0, 1),
('03MPK001', 'Pendidikan Kewarganegaraan', '2', '1', 'SI/TI', '0', 'LR', '2018-01-11 14:08:03', 'admin', '2018-02-09 00:50:01', 'admin', 0, 1),
('03MPK002', 'Pendidikan Agama', '2', '2', 'SI/TI', '0', '', '2018-01-11 14:08:03', 'admin', '2018-01-18 04:01:40', 'admin', 0, 1),
('03MPK003', 'Pendidikan Pancasila', '2', '3', 'SI/TI', '0', 'CISCO', '2018-01-11 14:08:03', 'admin', '2018-02-09 00:49:34', 'admin', 0, 1),
('1', 'Dummy asd', '2', '6', '', '', '', '2018-01-11 14:08:03', 'admin', NULL, NULL, 1, 1),
('22KMB015', 'Aplikasi Nirkabel', '3', '6', 'TI', '4', '', '2018-01-18 04:57:29', 'admin', NULL, NULL, 0, 1),
('22MBB005', 'Komputer dan Masyarakat', '2', '5', 'TI', '0', 'LR', '2018-01-18 04:49:00', 'admin', '2018-02-09 00:36:28', 'admin', 0, 1),
('22MKB002', 'Pengantar Teknologi Informasi ', '3', '1', 'TI', '0', 'LR', '2018-01-18 03:58:17', 'admin', '2018-02-09 00:46:18', 'admin', 0, 1),
('22MKB004', 'Manajemen Proyek', '3', '7', 'TI', '0', 'LR', '2018-01-18 05:08:42', 'admin', '2018-02-09 00:45:57', 'admin', 0, 1),
('22MKB006', 'Proyek Pemrograman Berorientasi Objek (Proyek 1)', '3', '3', 'TI', '0', 'OCR', '2018-01-18 04:15:51', 'admin', '2018-02-09 00:39:36', 'admin', 0, 1),
('22MKB007', 'Praktek Kerja Lapangan', '3', '7', 'TI', '0', 'LR', '2018-01-18 05:04:10', 'admin', '2018-02-09 00:32:10', 'admin', 0, 1),
('22MKB014', 'Metode Penelitian', '2', '7', 'TI', '0', 'OCR', '2018-01-18 05:04:36', 'admin', '2018-02-09 00:47:25', 'admin', 0, 1),
('22MKB016', 'Pemrograman Berorientasi Objek Lanjut', '3', '4', 'TI', '0', '', '2018-01-18 04:27:02', 'admin', NULL, NULL, 0, 1),
('22MKB017', 'Jaringan Komputer', '3', '2', 'TI', '0', '', '2018-01-18 04:07:13', 'admin', NULL, NULL, 0, 1),
('22MKB018', 'Komunikasi Data', '3', '1', 'TI', '0', 'CISCO', '2018-01-18 04:00:33', 'admin', '2018-02-09 00:52:51', 'admin', 0, 1),
('22MKB019', 'Pemrograman Aplikasi Jaringan', '3', '4', 'TI', '0', '', '2018-01-18 04:27:51', 'admin', NULL, NULL, 0, 1),
('22MKB020', 'Perancangan dan Pemrograman Web Lanjut', '3', '5', 'TI', '0', 'OCR', '2018-01-18 04:49:34', 'admin', '2018-02-09 00:40:06', 'admin', 0, 1),
('22MKB021', 'Sistem Manajemen Data', '3', '4', 'TI', '0', '', '2018-01-18 04:27:27', 'admin', NULL, NULL, 0, 1),
('22MKB022', 'Sistem Operasi Jaringan', '3', '5', 'TI', '0', 'OCR', '2018-01-18 04:51:37', 'admin', '2018-02-09 00:50:27', 'admin', 0, 1),
('22MKB023', 'Komputer Grafik', '3', '6', 'TI', '0', '', '2018-01-18 04:56:15', 'admin', NULL, NULL, 0, 1),
('22MKB024', 'Sistem Keamanan Jaringan Komputer', '3', '6', 'TI', '3', '', '2018-01-18 04:56:50', 'admin', NULL, NULL, 0, 1),
('22MKB025', 'Sistem Operasi', '3', '3', 'TI', '0', 'CISCO', '2018-01-18 04:17:14', 'admin', '2018-02-09 00:44:55', 'admin', 0, 1),
('22MKB026', 'Proyek Siskamjar (Proyek 4)', '3', '6', 'TI', '3', '', '2018-01-18 04:58:06', 'admin', NULL, NULL, 0, 1),
('22MKB027', 'Cyber Security', '3', '7', 'TI', '3', 'CISCO', '2018-01-18 05:05:35', 'admin', '2018-02-09 00:53:10', 'admin', 0, 1),
('22MKB028', 'Pemrograman Aplikasi Platform Khusus', '3', '7', 'TI', '4', 'OCR', '2018-01-18 05:06:10', 'admin', '2018-02-09 00:53:24', 'admin', 0, 1),
('22MKB029', 'Proyek Perancangan dan Pemrograman Web Lanjut (Proyek 3)', '3', '5', 'TI', '0', 'OCR', '2018-01-18 04:50:11', 'admin', '2018-02-09 00:44:18', 'admin', 0, 1),
('22MKB030', 'Arsitektur dan Organisasi Komputer', '3', '2', 'TI', '0', '', '2018-01-18 04:07:43', 'admin', NULL, NULL, 0, 1),
('22MKB031', 'Pemrograman Sistem Jaringan', '3', '3', 'TI', '0', 'CISCO', '2018-01-18 04:16:48', 'admin', '2018-02-09 00:43:23', 'admin', 0, 1),
('22MKB032', 'Proyek Aplikasi Nirkabel (Proyek 4)', '3', '6', 'TI', '4', '', '2018-01-18 04:58:38', 'admin', NULL, NULL, 0, 1),
('22MKK002', 'Algoritma Pemrograman dan Struktur Data 1', '3', '1', 'TI', '0', 'OCR', '2018-01-18 03:56:03', 'admin', '2018-02-09 00:32:48', 'admin', 0, 1),
('22MKK003', 'Lab Algoritma Pemrograman dan Struktur Data 1', '1', '1', 'TI', '0', 'OCR', '2018-01-18 03:57:07', 'admin', '2018-02-09 00:38:22', 'admin', 0, 1),
('22MKK006', 'Algoritma Pemrograman dan Struktur Data 2', '3', '2', 'TI', '0', '', '2018-01-18 04:03:54', 'admin', NULL, NULL, 0, 1),
('22MKK007', 'Lab Algoritma Pemrograman dan Struktur Data 2', '1', '2', 'TI', '0', '', '2018-01-18 04:04:28', 'admin', NULL, NULL, 0, 1),
('22MKK008', 'Desain Algoritma Analisis', '3', '7', 'TI', '0', 'OCR', '2018-01-18 05:07:11', 'admin', '2018-02-09 00:41:18', 'admin', 0, 1),
('22MKK009', 'Metode Numerik', '3', '7', 'TI', '0', 'LR', '2018-01-18 05:09:03', 'admin', '2018-02-09 00:48:29', 'admin', 0, 1),
('22MKK010', 'Logika Matematika', '3', '1', 'TI', '0', 'LR', '2018-01-18 03:59:09', 'admin', '2018-02-09 00:44:40', 'admin', 0, 1),
('22MKK011', 'Kalkulus', '3', '4', 'TI', '0', '', '2018-01-18 04:28:09', 'admin', NULL, NULL, 0, 1),
('22MKK012', 'Teori Bahasa dan Automata', '3', '5', 'TI', '0', 'OCR', '2018-01-18 04:51:58', 'admin', '2018-02-09 00:45:21', 'admin', 0, 1),
('22MKK013', 'Kriptografi', '3', '5', 'TI', '0', 'CISCO', '2018-01-18 04:52:15', 'admin', '2018-02-09 00:46:59', 'admin', 0, 1),
('32MKB002', 'Algoritma Pemrograman dan Struktur Data 1', '3', '1', 'SI', '0', 'OCR', '2018-01-11 14:08:03', 'admin', '2018-02-09 00:33:12', 'admin', 0, 1),
('32MKB004', 'Lab Algoritma Pemrograman dan Struktur Data 1', '1', '1', 'SI', '0', 'OCR', '2018-01-11 14:08:03', 'admin', '2018-02-09 00:38:29', 'admin', 0, 1),
('32MKB006', 'Algoritma Pemrograman dan Struktur Data 2', '3', '2', 'SI', '0', '', '2018-01-11 14:08:03', 'admin', '2018-01-18 04:02:09', 'admin', 0, 1),
('32MKB007', 'Lab Algoritma Pemrograman dan Struktur Data 2', '1', '2', 'SI', '0', '', '2018-01-11 14:08:03', 'admin', '2018-01-18 04:02:22', 'admin', 0, 1),
('32MKB015', 'Aplikasi Nirkabel', '3', '6', 'SI', '1', '', '2018-01-11 14:08:03', 'admin', '2018-01-18 04:53:45', 'admin', 0, 1),
('32MKB016', 'Keamanan Sistem Informasi', '3', '4', 'SI', '1', '', '2018-01-11 14:08:03', 'admin', '2018-01-18 04:24:36', 'admin', 0, 1),
('32MKB017', 'Kecerdasan Bisnis', '3', '6', 'SI', '1', '', '2018-01-11 14:08:03', 'admin', '2018-01-18 04:53:53', 'admin', 0, 1),
('32MKB018', 'Komunikasi Data', '3', '5', 'SI', '1', 'CISCO', '2018-01-11 14:08:03', 'admin', '2018-02-09 00:52:56', 'admin', 0, 1),
('32MKB019', 'Konsep Sistem Informasi', '3', '1', 'SI', '0', 'LR', '2018-01-11 14:08:03', 'admin', '2018-02-09 00:48:05', 'admin', 0, 1),
('32MKB020', 'Pemrograman Visual', '3', '5', 'SI', '1', 'OCR', '2018-01-11 14:08:03', 'admin', '2018-02-09 00:31:47', 'admin', 0, 1),
('32MKB021', 'Sistem Manajemen Data', '3', '2', 'SI', '0', '', '2018-01-11 14:08:03', 'admin', '2018-01-18 04:02:38', 'admin', 0, 1),
('32MKB022', 'ERP', '3', '7', 'SI', '0', 'LR', '2018-01-11 14:08:03', 'admin', '2018-02-09 00:49:52', 'admin', 0, 1),
('32MKK002', 'Tugas Akhir', '6', '8', 'SI', '0', 'LR', '2018-01-11 14:08:03', 'admin', '2018-02-09 00:55:27', 'admin', 0, 1),
('32MKK003', 'Praktek Kerja Lapangan', '3', '7', 'SI', '0', 'LR', '2018-01-11 14:08:03', 'admin', '2018-02-09 00:32:16', 'admin', 0, 1),
('32MKK006', 'Manajemen Proyek', '3', '7', 'SI', '0', 'LR', '2018-01-11 14:08:03', 'admin', '2018-02-09 00:46:02', 'admin', 0, 1),
('32MKK007', 'Metode Penelitian', '2', '5', 'SI', '1', 'OCR', '2018-01-11 14:08:03', 'admin', '2018-02-09 00:47:29', 'admin', 0, 1),
('32MKK008', 'Analisa dan Perancangan Sistem', '3', '2', 'SI', '0', '', '2018-01-11 14:08:03', 'admin', '2018-01-18 04:02:50', 'admin', 0, 1),
('32MKK009', 'Analisa Proses Bisnis', '3', '1', 'SI', '0', 'LR', '2018-01-11 14:08:03', 'admin', '2018-02-09 00:03:23', 'admin', 0, 1),
('32MKK010', 'Audit Sistem Informasi', '3', '6', 'SI', '1', '', '2018-01-11 14:08:03', 'admin', '2018-01-18 04:53:59', 'admin', 0, 1),
('32MKK011', 'E-Commerce', '3', '5', 'SI', '0', 'IMAC', '2018-01-11 14:08:03', 'admin', '2018-02-09 00:41:00', 'admin', 0, 1),
('32MKK012', 'E-Government', '2', '3', 'SI', '1', 'LR', '2018-01-11 14:08:03', 'admin', '2018-02-09 00:53:47', 'admin', 0, 1),
('32MKK013', 'Komunikasi Bisnis', '3', '2', 'SI', '0', '', '2018-01-11 14:08:03', 'admin', '2018-01-18 04:03:05', 'admin', 0, 1),
('32MKK014', 'Manajemen Hubungan Pelanggan', '3', '7', 'SI', '0', 'LR', '2018-01-11 14:08:03', 'admin', '2018-02-09 00:52:28', 'admin', 0, 1),
('32MKK015', 'Manajemen Rantai Pasok', '3', '7', 'SI', '1', 'LR', '2018-01-11 14:08:03', 'admin', '2018-02-09 00:40:22', 'admin', 0, 1),
('32MKK016', 'Multimedia dan Internet', '3', '4', 'SI', '0', '', '2018-01-11 14:08:03', 'admin', '2018-01-18 04:25:05', 'admin', 0, 1),
('32MKK017', 'Pengujian & Implementasi Sistem', '3', '6', 'SI', '1', '', '2018-01-11 14:08:03', 'admin', '2018-01-18 04:54:11', 'admin', 0, 1),
('32MKK018', 'Proyek Aplikasi Nirkabel (Proyek 4)', '3', '6', 'SI', '1', '', '2018-01-11 14:08:03', 'admin', '2018-01-18 04:54:19', 'admin', 0, 1),
('32MKK019', 'Proyek Pemrograman Visual (Proyek 3)', '3', '5', 'SI', '1', 'LR', '2018-01-11 14:08:03', 'admin', '2018-02-09 00:37:31', 'admin', 0, 1),
('32MKK020', 'Sistem Informasi Manajemen', '3', '5', 'SI', '0', 'OCR', '2018-01-11 14:08:03', 'admin', '2018-02-09 00:45:41', 'admin', 0, 1),
('32MKK021', 'Sistem Penunjang Keputusan', '3', '7', 'SI', '0', 'LR', '2018-01-11 14:08:03', 'admin', '2018-02-09 00:37:52', 'admin', 0, 1),
('32MKK033', 'Proyek Pemrograman Berorientasi Objek (Proyek 1)', '3', '3', 'SI', '1', 'OCR', '2018-01-11 14:08:03', 'admin', '2018-02-09 00:39:42', 'admin', 0, 1),
('32MKK034', 'Proyek Perancangan dan Pemrograman Web (Proyek 2)', '3', '4', 'SI/TI', '1', '', '2018-01-11 14:08:03', 'admin', '2018-01-18 04:25:30', 'admin', 0, 1),
('32MPK004', 'Pengantar Teknologi Informasi', '3', '1', 'SI', '0', 'LR', '2018-01-11 14:08:03', 'admin', '2018-02-09 00:46:23', 'admin', 0, 1),
('34', 'Dummy MatKUl', '3', '3', '', '', '', '2018-01-11 14:08:03', 'admin', NULL, NULL, 1, 1),
('4', 'Dummy MatKUl', '4', '4', '', '', '', '2018-01-11 14:08:03', 'admin', NULL, NULL, 1, 1),
('43MKB012', 'Pengolahan Citra Digital', '3', '3', 'SI', '2', 'IMAC', '2018-01-11 14:08:03', 'admin', '2018-02-09 00:45:07', 'admin', 0, 1),
('43MKB013', 'Web Interaktif', '3', '6', 'SI', '2', '', '2018-01-11 14:08:03', 'admin', '2018-01-18 04:54:38', 'admin', 0, 1),
('43MKB014', '3D Animation & Visual Effects', '3', '5', 'SI', '2', 'IMAC', '2018-01-11 14:08:03', 'admin', '2018-02-09 00:47:46', 'admin', 0, 1),
('43MKB023', '3D Modeling & Texturing', '3', '5', 'SI', '2', 'IMAC', '2018-01-11 14:08:03', 'admin', '2018-02-09 00:42:51', 'admin', 0, 1),
('43MKB024', 'Audio & Video Editing', '3', '5', 'SI', '2', 'IMAC', '2018-01-11 14:08:03', 'admin', '2018-02-09 00:53:37', 'admin', 0, 1),
('43MKB025', 'Augmented Reality', '3', '4', 'SI', '2', '', '2018-01-11 14:08:03', 'admin', '2018-01-18 04:25:41', 'admin', 0, 1),
('43MKB026', 'Multimedia Interaktif', '3', '4', 'SI', '2', '', '2018-01-11 14:08:03', 'admin', '2018-01-18 04:25:50', 'admin', 0, 1),
('43MKB027', 'Pengembangan Permainan', '3', '6', 'SI', '2', '', '2018-01-11 14:08:03', 'admin', '2018-01-18 04:54:45', 'admin', 0, 1),
('43MKK022', 'Desain Penerbitan Digital', '3', '3', 'SI', '2', 'IMAC', '2018-01-11 14:08:03', 'admin', '2018-02-09 00:54:43', 'admin', 0, 1),
('43MKK023', 'Konsep & Desain Web', '3', '6', 'SI', '2', '', '2018-01-11 14:08:03', 'admin', '2018-01-18 04:54:52', 'admin', 0, 1),
('43MKK024', 'Konsep Komunikasi Visual', '2', '3', 'SI', '2', 'IMAC', '2018-01-11 14:08:03', 'admin', '2018-02-09 00:54:04', 'admin', 0, 1),
('43MKK025', 'Konsep Multimedia Non Linear', '3', '4', 'SI', '2', '', '2018-01-11 14:08:03', 'admin', '2018-01-18 04:25:59', 'admin', 0, 1),
('43MKK026', 'Konsep Permainan', '3', '6', 'SI', '2', '', '2018-01-11 14:08:03', 'admin', '2018-01-18 04:54:59', 'admin', 0, 1),
('43MKK027', 'Konsep Storyboard', '2', '5', 'SI', '2', 'LR', '2018-01-11 14:08:03', 'admin', '2018-02-09 00:54:24', 'admin', 0, 1),
('43MKK028', 'Proyek Broadcasting', '3', '5', 'SI', '2', 'IMAC', '2018-01-11 14:08:03', 'admin', '2018-02-09 00:44:28', 'admin', 0, 1),
('43MKK029', 'Proyek Desain Komunikasi Visual', '3', '3', 'SI', '2', 'IMAC', '2018-01-11 14:08:03', 'admin', '2018-02-09 00:48:18', 'admin', 0, 1),
('43MKK030', 'Proyek Komprehensif Multimedia', '3', '7', 'SI', '2', 'LR', '2018-01-11 14:08:03', 'admin', '2018-02-09 00:40:35', 'admin', 0, 1),
('43MKK031', 'Proyek Multimedia Interaktif', '3', '4', 'SI', '2', '', '2018-01-11 14:08:03', 'admin', '2018-01-18 04:26:10', 'admin', 0, 1),
('43MKK032', 'Proyek Web/Permainan', '3', '6', 'SI', '2', '', '2018-01-11 14:08:03', 'admin', '2018-01-18 04:55:08', 'admin', 0, 1);

-- --------------------------------------------------------

--
-- Table structure for table `ruangan`
--

DROP TABLE IF EXISTS `ruangan`;
CREATE TABLE `ruangan` (
  `kode_rg` varchar(6) NOT NULL,
  `gedung_rg` char(1) NOT NULL,
  `jenis_rg` varchar(5) NOT NULL,
  `kapasitas_rg` int(11) NOT NULL,
  `created_date` datetime NOT NULL DEFAULT CURRENT_TIMESTAMP,
  `created_by` varchar(150) NOT NULL DEFAULT 'admin',
  `modified_date` datetime DEFAULT NULL,
  `modified_by` varchar(150) DEFAULT NULL,
  `isDelete` int(11) NOT NULL DEFAULT '0' COMMENT '0:tidak ; 1:ya',
  `isShow` int(11) NOT NULL DEFAULT '1' COMMENT '0:tidak ; 1:ya'
) ENGINE=InnoDB DEFAULT CHARSET=latin1;

--
-- Truncate table before insert `ruangan`
--

TRUNCATE TABLE `ruangan`;
--
-- Dumping data for table `ruangan`
--

INSERT INTO `ruangan` (`kode_rg`, `gedung_rg`, `jenis_rg`, `kapasitas_rg`, `created_date`, `created_by`, `modified_date`, `modified_by`, `isDelete`, `isShow`) VALUES
('11', 'u', 'dummy', 222, '2018-01-11 20:00:24', 'admin', '2018-01-12 13:42:04', 'admin', 1, 1),
('B-R201', 'B', 'LR', 35, '2018-01-11 18:08:08', 'admin', '2018-01-12 15:54:42', 'admin', 1, 1),
('B-R202', 'B', 'LR', 35, '2018-01-11 18:08:08', 'admin', NULL, NULL, 1, 1),
('B-R301', 'B', 'LR', 35, '2018-01-11 18:08:08', 'admin', NULL, NULL, 1, 1),
('B-R302', 'B', 'LR', 35, '2018-01-11 18:08:08', 'admin', NULL, NULL, 1, 1),
('CISCO', 'A', 'CISCO', 25, '2018-01-11 18:08:08', 'admin', '2018-02-08 11:54:16', 'admin', 0, 1),
('IMAC', 'A', 'IMAC', 15, '2018-01-11 18:08:08', 'admin', NULL, NULL, 0, 1),
('LR-1', 'A', 'LR', 40, '2018-01-11 18:08:08', 'admin', NULL, NULL, 0, 1),
('LR-2', 'A', 'LR', 20, '2018-01-11 18:08:08', 'admin', NULL, NULL, 0, 1),
('LR-3', 'A', 'LR', 20, '2018-02-08 11:55:29', 'admin', NULL, NULL, 0, 1),
('OCR-1', 'A', 'OCR', 25, '2018-01-11 18:08:08', 'admin', NULL, NULL, 0, 1),
('OCR-2', 'A', 'OCR', 20, '2018-01-11 18:08:08', 'admin', NULL, NULL, 0, 1),
('OCR-3', 'A', 'OCR', 30, '2018-01-11 18:08:08', 'admin', NULL, NULL, 1, 1);

-- --------------------------------------------------------

--
-- Table structure for table `user`
--

DROP TABLE IF EXISTS `user`;
CREATE TABLE `user` (
  `id` int(11) NOT NULL,
  `username` varchar(20) NOT NULL,
  `password` varchar(60) NOT NULL DEFAULT '123456',
  `sebagai` tinyint(1) DEFAULT NULL COMMENT '0=kaprodi; 1=dosen; 2=mahasiswa; NULL=unknown',
  `id_sebagai` int(11) DEFAULT NULL COMMENT 'NULL=unknown',
  `created_date` datetime NOT NULL DEFAULT CURRENT_TIMESTAMP,
  `created_by` varchar(150) NOT NULL DEFAULT 'admin',
  `modified_date` datetime DEFAULT NULL,
  `modified_by` varchar(150) DEFAULT NULL,
  `isDelete` int(11) NOT NULL DEFAULT '0' COMMENT '0:tidak ; 1:ya',
  `isShow` int(11) NOT NULL DEFAULT '1' COMMENT '0:tidak ; 1:ya'
) ENGINE=InnoDB DEFAULT CHARSET=latin1 COMMENT='semua user yang terhubung ke app, termasuk admin';

--
-- Truncate table before insert `user`
--

TRUNCATE TABLE `user`;
--
-- Dumping data for table `user`
--

INSERT INTO `user` (`id`, `username`, `password`, `sebagai`, `id_sebagai`, `created_date`, `created_by`, `modified_date`, `modified_by`, `isDelete`, `isShow`) VALUES
(1, 'admin', '$2y$10$V/kCNg9rUTlIBDmbB5uBDOL0SK6FqyiQmptjcFIinwKaz3P.N2jii', 0, 620057004, '2018-01-19 12:28:18', 'admin', NULL, NULL, 0, 1),
(2, 'jendro', '123456', 2, 411310001, '2018-01-19 12:28:18', 'admin', NULL, NULL, 0, 1),
(3, 'hilmi', '123456', 2, 411310002, '2018-01-19 12:28:18', 'admin', NULL, NULL, 0, 1),
(4, 'fundika', '123456', 2, 411310003, '2018-01-19 12:28:18', 'admin', NULL, NULL, 0, 1),
(5, 'david', '123456', 2, 411310004, '2018-01-19 12:28:18', 'admin', NULL, NULL, 0, 1),
(6, 'fahri', '123456', 2, 411310005, '2018-01-19 12:28:18', 'admin', NULL, NULL, 0, 1),
(7, 'rizal', '123456', 2, 411310006, '2018-01-19 12:28:18', 'admin', NULL, NULL, 0, 1),
(8, 'deo', '123456', 2, 411310007, '2018-01-19 12:28:18', 'admin', NULL, NULL, 0, 1),
(9, 'fachri', '123456', 2, 411310008, '2018-01-19 12:28:18', 'admin', NULL, NULL, 0, 1),
(10, 'faishal', '123456', 2, 411310009, '2018-01-19 12:28:18', 'admin', NULL, NULL, 0, 1),
(11, 'maisur', '123456', 2, 411310010, '2018-01-19 12:28:18', 'admin', NULL, NULL, 0, 1),
(12, 'igo', '123456', 2, 411310011, '2018-01-19 12:28:18', 'admin', NULL, NULL, 0, 1),
(13, 'akbar', '123456', 2, 411310012, '2018-01-19 12:28:18', 'admin', NULL, NULL, 0, 1),
(14, 'bagas', '123456', 2, 411310013, '2018-01-19 12:28:18', 'admin', NULL, NULL, 0, 1),
(15, 'ical', '123456', 2, 411310014, '2018-01-19 12:28:18', 'admin', NULL, NULL, 0, 1),
(16, 'petoy', '123456', 2, 411310015, '2018-01-19 12:28:18', 'admin', NULL, NULL, 0, 1),
(17, 'fuad', '123456', 2, 411310016, '2018-01-19 12:28:18', 'admin', NULL, NULL, 0, 1),
(18, 'irvan', '123456', 2, 411310017, '2018-01-19 12:28:18', 'admin', NULL, NULL, 0, 1),
(19, 'dede', '123456', 2, 411310018, '2018-01-19 12:28:18', 'admin', NULL, NULL, 0, 1),
(20, 'upi', '123456', 2, 411310019, '2018-01-19 12:28:18', 'admin', NULL, NULL, 0, 1),
(21, 'pita', '123456', 2, 411310020, '2018-01-19 12:28:18', 'admin', NULL, NULL, 0, 1),
(22, 'pijah', '123456', 2, 411310021, '2018-01-19 12:28:18', 'admin', NULL, NULL, 0, 1),
(23, 'eko', '123456', 2, 411310022, '2018-01-19 12:28:18', 'admin', NULL, NULL, 0, 1),
(24, 'julia', '123456', 2, 411310023, '2018-01-19 12:28:18', 'admin', NULL, NULL, 0, 1),
(25, 'ipul', '123456', 2, 411310024, '2018-01-19 12:28:18', 'admin', NULL, NULL, 0, 1),
(26, 'fikri', '123456', 2, 411310025, '2018-01-19 12:28:18', 'admin', NULL, NULL, 0, 1),
(27, 'rahman', '123456', 2, 411310026, '2018-01-19 12:28:18', 'admin', NULL, NULL, 0, 1),
(28, 'suprapto', '123456', 2, 411310027, '2018-01-19 12:28:18', 'admin', NULL, NULL, 0, 1),
(29, 'harqi', '123456', 2, 411310028, '2018-01-19 12:28:18', 'admin', NULL, NULL, 0, 1),
(30, 'siregar', '123456', 2, 411310029, '2018-01-19 12:28:18', 'admin', NULL, NULL, 0, 1),
(31, 'bdempster0', '123456', 2, 411310030, '2018-01-19 12:28:18', 'admin', NULL, NULL, 0, 1),
(32, 'jbaldocci1', '123456', 2, 411310031, '2018-01-19 12:28:18', 'admin', NULL, NULL, 0, 1),
(33, 'hpenreth2', '123456', 2, 411310032, '2018-01-19 12:28:18', 'admin', NULL, NULL, 0, 1),
(34, 'streacher3', '123456', 2, 411310033, '2018-01-19 12:28:18', 'admin', NULL, NULL, 0, 1),
(35, 'tcorpe4', '123456', 2, 411310034, '2018-01-19 12:28:18', 'admin', NULL, NULL, 0, 1),
(36, 'ibatter5', '123456', 2, 411310035, '2018-01-19 12:28:18', 'admin', NULL, NULL, 0, 1),
(37, 'ecuttles6', '123456', 2, 411310036, '2018-01-19 12:28:18', 'admin', NULL, NULL, 0, 1),
(38, 'asor7', '123456', 2, 411310037, '2018-01-19 12:28:18', 'admin', NULL, NULL, 0, 1),
(39, 'egingold8', '123456', 2, 411310038, '2018-01-19 12:28:18', 'admin', NULL, NULL, 0, 1),
(40, 'osevier9', '123456', 2, 411310039, '2018-01-19 12:28:18', 'admin', NULL, NULL, 0, 1),
(41, 'mmcfeatea', '123456', 2, 411310040, '2018-01-19 12:28:18', 'admin', NULL, NULL, 0, 1),
(42, 'stimewellb', '123456', 2, 411310041, '2018-01-19 12:28:18', 'admin', NULL, NULL, 0, 1),
(43, 'mabrahamsonc', '123456', 2, 411310042, '2018-01-19 12:28:18', 'admin', NULL, NULL, 0, 1),
(44, 'trennenbachd', '123456', 2, 411310043, '2018-01-19 12:28:18', 'admin', NULL, NULL, 0, 1),
(45, 'myounge', '123456', 2, 411310044, '2018-01-19 12:28:18', 'admin', NULL, NULL, 0, 1),
(46, 'dmerrillf', '123456', 2, 411310045, '2018-01-19 12:28:18', 'admin', NULL, NULL, 0, 1),
(47, 'fdawidowiczg', '123456', 2, 411310046, '2018-01-19 12:28:18', 'admin', NULL, NULL, 0, 1),
(48, 'arozenbaumh', '123456', 2, 411310047, '2018-01-19 12:28:18', 'admin', NULL, NULL, 0, 1),
(49, 'crodwayi', '123456', 2, 411310048, '2018-01-19 12:28:18', 'admin', NULL, NULL, 0, 1),
(50, 'bfritschmannj', '123456', 2, 411310049, '2018-01-19 12:28:18', 'admin', NULL, NULL, 0, 1),
(51, 'rpaolinik', '123456', 2, 411310050, '2018-01-19 12:28:18', 'admin', NULL, NULL, 0, 1),
(52, 'hpendalll', '123456', 2, 411310051, '2018-01-19 12:28:18', 'admin', NULL, NULL, 0, 1),
(53, 'rwarrattm', '123456', 2, 411310052, '2018-01-19 12:28:18', 'admin', NULL, NULL, 0, 1),
(54, 'adrifen', '123456', 2, 411310053, '2018-01-19 12:28:18', 'admin', NULL, NULL, 0, 1),
(55, 'glinnetto', '123456', 2, 411310054, '2018-01-19 12:28:18', 'admin', NULL, NULL, 0, 1),
(56, 'ggabrielip', '123456', 2, 411310055, '2018-01-19 12:28:18', 'admin', NULL, NULL, 0, 1),
(57, 'jvampouilleq', '123456', 2, 411310056, '2018-01-19 12:28:18', 'admin', NULL, NULL, 0, 1),
(58, 'dbraistedr', '123456', 2, 411310057, '2018-01-19 12:28:18', 'admin', NULL, NULL, 0, 1),
(59, 'pcurnuckes', '123456', 2, 411310058, '2018-01-19 12:28:18', 'admin', NULL, NULL, 0, 1),
(60, 'seadmeadt', '123456', 2, 411310059, '2018-01-19 12:28:18', 'admin', NULL, NULL, 0, 1),
(61, 'hfogartyu', '123456', 2, 411310060, '2018-01-19 12:28:18', 'admin', NULL, NULL, 0, 1),
(62, 'rzylberdikv', '123456', 2, 411310061, '2018-01-19 12:28:18', 'admin', NULL, NULL, 0, 1),
(63, 'lheliotw', '123456', 2, 411310062, '2018-01-19 12:28:18', 'admin', NULL, NULL, 0, 1),
(64, 'psalex', '123456', 2, 411310063, '2018-01-19 12:28:18', 'admin', NULL, NULL, 0, 1),
(65, 'strevaskisy', '123456', 2, 411310064, '2018-01-19 12:28:18', 'admin', NULL, NULL, 0, 1),
(66, 'alamarz', '123456', 2, 411310065, '2018-01-19 12:28:18', 'admin', NULL, NULL, 0, 1),
(67, 'eswatheridge10', '123456', 2, 411310066, '2018-01-19 12:28:18', 'admin', NULL, NULL, 0, 1),
(68, 'gsproul11', '123456', 2, 411310067, '2018-01-19 12:28:18', 'admin', NULL, NULL, 0, 1),
(69, 'ehannond12', '123456', 2, 411310068, '2018-01-19 12:28:18', 'admin', NULL, NULL, 0, 1),
(70, 'llyte13', '123456', 2, 411310069, '2018-01-19 12:28:18', 'admin', NULL, NULL, 0, 1),
(71, 'cfantonetti14', '123456', 2, 411310070, '2018-01-19 12:28:18', 'admin', NULL, NULL, 0, 1),
(72, 'csunderland15', '123456', 2, 411310071, '2018-01-19 12:28:18', 'admin', NULL, NULL, 0, 1),
(73, 'tromeo16', '123456', 2, 411310072, '2018-01-19 12:28:18', 'admin', NULL, NULL, 0, 1),
(74, 'asunnex17', '123456', 2, 411310073, '2018-01-19 12:28:18', 'admin', NULL, NULL, 0, 1),
(75, 'eholbury18', '123456', 2, 411310074, '2018-01-19 12:28:18', 'admin', NULL, NULL, 0, 1),
(76, 'calvar19', '123456', 2, 411310075, '2018-01-19 12:28:18', 'admin', NULL, NULL, 0, 1),
(77, 'ioty1a', '123456', 2, 411310076, '2018-01-19 12:28:18', 'admin', NULL, NULL, 0, 1),
(78, 'bbogace1b', '123456', 2, 411310077, '2018-01-19 12:28:18', 'admin', NULL, NULL, 0, 1),
(79, 'mbehan1c', '123456', 2, 411310078, '2018-01-19 12:28:18', 'admin', NULL, NULL, 0, 1),
(80, 'dandrivot1d', '123456', 2, 411310079, '2018-01-19 12:28:18', 'admin', NULL, NULL, 0, 1),
(81, 'hsuggey1e', '123456', 2, 411310080, '2018-01-19 12:28:18', 'admin', NULL, NULL, 0, 1),
(82, 'gkwietak1f', '123456', 2, 411310081, '2018-01-19 12:28:18', 'admin', NULL, NULL, 0, 1),
(83, 'rcallar1g', '123456', 2, 411310082, '2018-01-19 12:28:18', 'admin', NULL, NULL, 0, 1),
(84, 'dandrick1h', '123456', 2, 411310083, '2018-01-19 12:28:18', 'admin', NULL, NULL, 0, 1),
(85, 'mible1i', '123456', 2, 411310084, '2018-01-19 12:28:18', 'admin', NULL, NULL, 0, 1),
(86, 'lcampanelli1j', '123456', 2, 411310085, '2018-01-19 12:28:18', 'admin', NULL, NULL, 0, 1),
(87, 'mgoldine1k', '123456', 2, 411310086, '2018-01-19 12:28:18', 'admin', NULL, NULL, 0, 1),
(88, 'ccrowe1l', '123456', 2, 411310087, '2018-01-19 12:28:18', 'admin', NULL, NULL, 0, 1),
(89, 'ochurchill1m', '123456', 2, 411310088, '2018-01-19 12:28:18', 'admin', NULL, NULL, 0, 1),
(90, 'mcrus1n', '123456', 2, 411310089, '2018-01-19 12:28:18', 'admin', NULL, NULL, 0, 1),
(91, 'ppaoloni1o', '123456', 2, 411310090, '2018-01-19 12:28:18', 'admin', NULL, NULL, 0, 1),
(92, 'rkemmet1p', '123456', 2, 411310091, '2018-01-19 12:28:18', 'admin', NULL, NULL, 0, 1),
(93, 'rcockburn1q', '123456', 2, 411310092, '2018-01-19 12:28:18', 'admin', NULL, NULL, 0, 1),
(94, 'mmenlove1r', '123456', 2, 411310093, '2018-01-19 12:28:18', 'admin', NULL, NULL, 0, 1),
(95, 'evangiffen1s', '123456', 2, 411310094, '2018-01-19 12:28:18', 'admin', NULL, NULL, 0, 1),
(96, 'zdicarlo1t', '123456', 2, 411310095, '2018-01-19 12:28:18', 'admin', NULL, NULL, 0, 1),
(97, 'tepilet1u', '123456', 2, 411310096, '2018-01-19 12:28:18', 'admin', NULL, NULL, 0, 1),
(98, 'mblasl1v', '123456', 2, 411310097, '2018-01-19 12:28:18', 'admin', NULL, NULL, 0, 1),
(99, 'rburgill1w', '123456', 2, 411310098, '2018-01-19 12:28:18', 'admin', NULL, NULL, 0, 1),
(100, 'agadd1x', '123456', 2, 411310099, '2018-01-19 12:28:18', 'admin', NULL, NULL, 0, 1);

-- --------------------------------------------------------

--
-- Table structure for table `waktu`
--

DROP TABLE IF EXISTS `waktu`;
CREATE TABLE `waktu` (
  `kode_wk` int(11) NOT NULL,
  `waktu_aw` time NOT NULL,
  `waktu_ak` time NOT NULL,
  `role` char(2) NOT NULL,
  `sks` int(1) NOT NULL,
  `created_date` datetime NOT NULL DEFAULT CURRENT_TIMESTAMP,
  `created_by` varchar(150) NOT NULL DEFAULT 'admin',
  `modified_date` datetime DEFAULT NULL,
  `modified_by` varchar(150) DEFAULT NULL,
  `isDelete` int(11) NOT NULL DEFAULT '0' COMMENT '0:tidak ; 1:ya',
  `isShow` int(11) NOT NULL DEFAULT '1' COMMENT '0:tidak ; 1:ya'
) ENGINE=InnoDB DEFAULT CHARSET=latin1;

--
-- Truncate table before insert `waktu`
--

TRUNCATE TABLE `waktu`;
--
-- Dumping data for table `waktu`
--

INSERT INTO `waktu` (`kode_wk`, `waktu_aw`, `waktu_ak`, `role`, `sks`, `created_date`, `created_by`, `modified_date`, `modified_by`, `isDelete`, `isShow`) VALUES
(1, '08:00:00', '10:30:00', 'PP', 3, '2018-01-12 17:11:42', 'admin', '2018-02-07 00:23:52', 'admin', 0, 1),
(2, '08:00:00', '09:40:00', 'PP', 2, '2018-01-12 17:11:42', 'admin', '2018-02-07 00:24:19', 'admin', 0, 1),
(3, '08:00:00', '08:50:00', 'PP', 1, '2018-01-12 17:11:42', 'admin', '2018-02-07 00:25:14', 'admin', 0, 1),
(4, '10:45:00', '13:15:00', 'PS', 3, '2018-01-12 17:11:42', 'admin', '2018-02-07 02:24:15', 'admin', 0, 1),
(5, '10:45:00', '12:25:00', 'PS', 2, '2018-01-12 17:11:42', 'admin', '2018-02-07 02:24:37', 'admin', 0, 1),
(6, '10:45:00', '11:35:00', 'PS', 1, '2018-01-12 17:11:42', 'admin', '2018-02-07 02:24:49', 'admin', 0, 1),
(7, '10:15:00', '12:15:00', '', 0, '2018-01-12 17:11:42', 'admin', NULL, NULL, 1, 1),
(8, '13:30:00', '16:00:00', 'SS', 3, '2018-01-12 17:11:42', 'admin', '2018-02-07 05:04:04', 'admin', 0, 1),
(9, '13:30:00', '14:20:00', 'SS', 1, '2018-01-12 17:11:42', 'admin', '2018-02-07 05:06:34', 'admin', 0, 1),
(10, '13:00:00', '15:00:00', '', 0, '2018-01-12 17:11:42', 'admin', NULL, NULL, 1, 1),
(11, '15:15:00', '16:35:00', '', 0, '2018-01-12 17:11:42', 'admin', NULL, NULL, 1, 1),
(12, '13:30:00', '15:10:00', 'SS', 2, '2018-02-06 23:51:40', 'admin', '2018-02-07 05:07:03', 'admin', 0, 1);

--
-- Indexes for dumped tables
--

--
-- Indexes for table `ambil_matakuliah`
--
ALTER TABLE `ambil_matakuliah`
  ADD PRIMARY KEY (`id`);

--
-- Indexes for table `buka_tahun_ajaran`
--
ALTER TABLE `buka_tahun_ajaran`
  ADD PRIMARY KEY (`id`);

--
-- Indexes for table `dosen`
--
ALTER TABLE `dosen`
  ADD PRIMARY KEY (`nid`);

--
-- Indexes for table `hari`
--
ALTER TABLE `hari`
  ADD PRIMARY KEY (`id`);

--
-- Indexes for table `jadwal_temp`
--
ALTER TABLE `jadwal_temp`
  ADD PRIMARY KEY (`id`);

--
-- Indexes for table `mahasiswa`
--
ALTER TABLE `mahasiswa`
  ADD PRIMARY KEY (`nim`);

--
-- Indexes for table `matakuliah`
--
ALTER TABLE `matakuliah`
  ADD PRIMARY KEY (`kode_mk`);

--
-- Indexes for table `ruangan`
--
ALTER TABLE `ruangan`
  ADD PRIMARY KEY (`kode_rg`);

--
-- Indexes for table `user`
--
ALTER TABLE `user`
  ADD PRIMARY KEY (`id`),
  ADD UNIQUE KEY `username` (`username`),
  ADD UNIQUE KEY `id_sebagai` (`id_sebagai`);

--
-- Indexes for table `waktu`
--
ALTER TABLE `waktu`
  ADD PRIMARY KEY (`kode_wk`);

--
-- AUTO_INCREMENT for dumped tables
--

--
-- AUTO_INCREMENT for table `ambil_matakuliah`
--
ALTER TABLE `ambil_matakuliah`
  MODIFY `id` int(11) NOT NULL AUTO_INCREMENT, AUTO_INCREMENT=93;
--
-- AUTO_INCREMENT for table `hari`
--
ALTER TABLE `hari`
  MODIFY `id` int(11) NOT NULL AUTO_INCREMENT, AUTO_INCREMENT=7;
--
-- AUTO_INCREMENT for table `jadwal_temp`
--
ALTER TABLE `jadwal_temp`
  MODIFY `id` int(11) NOT NULL AUTO_INCREMENT, AUTO_INCREMENT=316;
--
-- AUTO_INCREMENT for table `user`
--
ALTER TABLE `user`
  MODIFY `id` int(11) NOT NULL AUTO_INCREMENT, AUTO_INCREMENT=101;
--
-- AUTO_INCREMENT for table `waktu`
--
ALTER TABLE `waktu`
  MODIFY `kode_wk` int(11) NOT NULL AUTO_INCREMENT, AUTO_INCREMENT=13;
/*!40101 SET CHARACTER_SET_CLIENT=@OLD_CHARACTER_SET_CLIENT */;
/*!40101 SET CHARACTER_SET_RESULTS=@OLD_CHARACTER_SET_RESULTS */;
/*!40101 SET COLLATION_CONNECTION=@OLD_COLLATION_CONNECTION */;
